[{"model": "dashboard.userdashboardmodule", "pk": 1, "fields": {"title": "Quick links", "module": "jet.dashboard.modules.LinkList", "app_label": null, "user": 3, "column": 0, "order": 0, "settings": "{\"draggable\": false, \"deletable\": false, \"collapsible\": false, \"layout\": \"inline\"}", "children": "[{\"title\": \"Return to site\", \"url\": \"/\"}, {\"title\": \"Parolay\\u0131 de\\u011fi\\u015ftir\", \"url\": \"/admin/password_change/\"}, {\"title\": \"Oturumu kapat\", \"url\": \"/admin/logout/\"}]", "collapsed": false}}, {"model": "dashboard.userdashboardmodule", "pk": 2, "fields": {"title": "Applications", "module": "jet.dashboard.modules.AppList", "app_label": null, "user": 3, "column": 1, "order": 0, "settings": "{\"models\": null, \"exclude\": [\"auth.*\"]}", "children": "", "collapsed": false}}, {"model": "dashboard.userdashboardmodule", "pk": 3, "fields": {"title": "Yönetim", "module": "jet.dashboard.modules.AppList", "app_label": null, "user": 3, "column": 2, "order": 0, "settings": "{\"models\": [\"auth.*\"], \"exclude\": null}", "children": "", "collapsed": false}}, {"model": "dashboard.userdashboardmodule", "pk": 4, "fields": {"title": "Recent Actions", "module": "jet.dashboard.modules.RecentActions", "app_label": null, "user": 3, "column": 0, "order": 1, "settings": "{\"limit\": 10, \"include_list\": null, \"exclude_list\": null, \"user\": null}", "children": "", "collapsed": false}}, {"model": "dashboard.userdashboardmodule", "pk": 5, "fields": {"title": "Latest Django News", "module": "jet.dashboard.modules.Feed", "app_label": null, "user": 3, "column": 1, "order": 1, "settings": "{\"feed_url\": \"http://www.djangoproject.com/rss/weblog/\", \"limit\": 5}", "children": "", "collapsed": false}}, {"model": "dashboard.userdashboardmodule", "pk": 6, "fields": {"title": "Support", "module": "jet.dashboard.modules.LinkList", "app_label": null, "user": 3, "column": 2, "order": 1, "settings": "{\"draggable\": true, \"deletable\": true, \"collapsible\": true, \"layout\": \"stacked\"}", "children": "[{\"title\": \"Django documentation\", \"url\": \"http://docs.djangoproject.com/\", \"external\": true}, {\"title\": \"Django \\\"django-users\\\" mailing list\", \"url\": \"http://groups.google.com/group/django-users\", \"external\": true}, {\"title\": \"Django irc channel\", \"url\": \"irc://irc.freenode.net/django\", \"external\": true}]", "collapsed": false}}, {"model": "dashboard.userdashboardmodule", "pk": 7, "fields": {"title": "Application models", "module": "jet.dashboard.modules.ModelList", "app_label": "product", "user": 3, "column": 0, "order": 0, "settings": "{\"models\": [\"product.*\"], \"exclude\": null}", "children": "", "collapsed": false}}, {"model": "dashboard.userdashboardmodule", "pk": 8, "fields": {"title": "Recent Actions", "module": "jet.dashboard.modules.RecentActions", "app_label": "product", "user": 3, "column": 1, "order": 0, "settings": "{\"limit\": 10, \"include_list\": [\"product.*\"], \"exclude_list\": null, \"user\": null}", "children": "", "collapsed": false}}, {"model": "dashboard.userdashboardmodule", "pk": 9, "fields": {"title": "Quick links", "module": "jet.dashboard.modules.LinkList", "app_label": null, "user": 1, "column": 0, "order": 0, "settings": "{\"draggable\": false, \"deletable\": false, \"collapsible\": false, \"layout\": \"inline\"}", "children": "[{\"title\": \"Return to site\", \"url\": \"/\"}, {\"title\": \"Parolay\\u0131 de\\u011fi\\u015ftir\", \"url\": \"/admin/password_change/\"}, {\"title\": \"Oturumu kapat\", \"url\": \"/admin/logout/\"}]", "collapsed": false}}, {"model": "dashboard.userdashboardmodule", "pk": 10, "fields": {"title": "Applications", "module": "jet.dashboard.modules.AppList", "app_label": null, "user": 1, "column": 1, "order": 0, "settings": "{\"models\": null, \"exclude\": [\"auth.*\"]}", "children": "", "collapsed": false}}, {"model": "dashboard.userdashboardmodule", "pk": 11, "fields": {"title": "Yönetim", "module": "jet.dashboard.modules.AppList", "app_label": null, "user": 1, "column": 2, "order": 0, "settings": "{\"models\": [\"auth.*\"], \"exclude\": null}", "children": "", "collapsed": false}}, {"model": "dashboard.userdashboardmodule", "pk": 12, "fields": {"title": "Recent Actions", "module": "jet.dashboard.modules.RecentActions", "app_label": null, "user": 1, "column": 0, "order": 1, "settings": "{\"limit\": 10, \"include_list\": null, \"exclude_list\": null, \"user\": null}", "children": "", "collapsed": false}}, {"model": "dashboard.userdashboardmodule", "pk": 13, "fields": {"title": "Latest Django News", "module": "jet.dashboard.modules.Feed", "app_label": null, "user": 1, "column": 1, "order": 1, "settings": "{\"feed_url\": \"http://www.djangoproject.com/rss/weblog/\", \"limit\": 5}", "children": "", "collapsed": false}}, {"model": "dashboard.userdashboardmodule", "pk": 14, "fields": {"title": "Support", "module": "jet.dashboard.modules.LinkList", "app_label": null, "user": 1, "column": 2, "order": 1, "settings": "{\"draggable\": true, \"deletable\": true, \"collapsible\": true, \"layout\": \"stacked\"}", "children": "[{\"title\": \"Django documentation\", \"url\": \"http://docs.djangoproject.com/\", \"external\": true}, {\"title\": \"Django \\\"django-users\\\" mailing list\", \"url\": \"http://groups.google.com/group/django-users\", \"external\": true}, {\"title\": \"Django irc channel\", \"url\": \"irc://irc.freenode.net/django\", \"external\": true}]", "collapsed": false}}, {"model": "dashboard.userdashboardmodule", "pk": 15, "fields": {"title": "Application models", "module": "jet.dashboard.modules.ModelList", "app_label": "product", "user": 1, "column": 0, "order": 0, "settings": "{\"models\": [\"product.*\"], \"exclude\": null}", "children": "", "collapsed": false}}, {"model": "dashboard.userdashboardmodule", "pk": 16, "fields": {"title": "Recent Actions", "module": "jet.dashboard.modules.RecentActions", "app_label": "product", "user": 1, "column": 1, "order": 0, "settings": "{\"limit\": 10, \"include_list\": [\"product.*\"], \"exclude_list\": null, \"user\": null}", "children": "", "collapsed": false}}, {"model": "dashboard.userdashboardmodule", "pk": 17, "fields": {"title": "Quick links", "module": "jet.dashboard.modules.LinkList", "app_label": null, "user": 46, "column": 0, "order": 0, "settings": "{\"draggable\": false, \"deletable\": false, \"collapsible\": false, \"layout\": \"inline\"}", "children": "[{\"title\": \"Return to site\", \"url\": \"/\"}, {\"title\": \"Parolay\\u0131 de\\u011fi\\u015ftir\", \"url\": \"/admin/password_change/\"}, {\"title\": \"Oturumu kapat\", \"url\": \"/admin/logout/\"}]", "collapsed": false}}, {"model": "dashboard.userdashboardmodule", "pk": 18, "fields": {"title": "Applications", "module": "jet.dashboard.modules.AppList", "app_label": null, "user": 46, "column": 1, "order": 0, "settings": "{\"models\": null, \"exclude\": [\"auth.*\"]}", "children": "", "collapsed": false}}, {"model": "dashboard.userdashboardmodule", "pk": 19, "fields": {"title": "Yönetim", "module": "jet.dashboard.modules.AppList", "app_label": null, "user": 46, "column": 2, "order": 0, "settings": "{\"models\": [\"auth.*\"], \"exclude\": null}", "children": "", "collapsed": false}}, {"model": "dashboard.userdashboardmodule", "pk": 20, "fields": {"title": "Recent Actions", "module": "jet.dashboard.modules.RecentActions", "app_label": null, "user": 46, "column": 0, "order": 1, "settings": "{\"limit\": 10, \"include_list\": null, \"exclude_list\": null, \"user\": null}", "children": "", "collapsed": false}}, {"model": "dashboard.userdashboardmodule", "pk": 21, "fields": {"title": "Latest Django News", "module": "jet.dashboard.modules.Feed", "app_label": null, "user": 46, "column": 1, "order": 1, "settings": "{\"feed_url\": \"http://www.djangoproject.com/rss/weblog/\", \"limit\": 5}", "children": "", "collapsed": false}}, {"model": "dashboard.userdashboardmodule", "pk": 22, "fields": {"title": "Support", "module": "jet.dashboard.modules.LinkList", "app_label": null, "user": 46, "column": 2, "order": 1, "settings": "{\"draggable\": true, \"deletable\": true, \"collapsible\": true, \"layout\": \"stacked\"}", "children": "[{\"title\": \"Django documentation\", \"url\": \"http://docs.djangoproject.com/\", \"external\": true}, {\"title\": \"Django \\\"django-users\\\" mailing list\", \"url\": \"http://groups.google.com/group/django-users\", \"external\": true}, {\"title\": \"Django irc channel\", \"url\": \"irc://irc.freenode.net/django\", \"external\": true}]", "collapsed": false}}, {"model": "dashboard.userdashboardmodule", "pk": 23, "fields": {"title": "Application models", "module": "jet.dashboard.modules.ModelList", "app_label": "meny", "user": 46, "column": 0, "order": 0, "settings": "{\"models\": [\"meny.*\"], \"exclude\": null}", "children": "", "collapsed": false}}, {"model": "dashboard.userdashboardmodule", "pk": 24, "fields": {"title": "Recent Actions", "module": "jet.dashboard.modules.RecentActions", "app_label": "meny", "user": 46, "column": 1, "order": 0, "settings": "{\"limit\": 10, \"include_list\": [\"meny.*\"], \"exclude_list\": null, \"user\": null}", "children": "", "collapsed": false}}, {"model": "dashboard.userdashboardmodule", "pk": 25, "fields": {"title": "Application models", "module": "jet.dashboard.modules.ModelList", "app_label": "product", "user": 46, "column": 0, "order": 0, "settings": "{\"models\": [\"product.*\"], \"exclude\": null}", "children": "", "collapsed": false}}, {"model": "dashboard.userdashboardmodule", "pk": 26, "fields": {"title": "Recent Actions", "module": "jet.dashboard.modules.RecentActions", "app_label": "product", "user": 46, "column": 1, "order": 0, "settings": "{\"limit\": 10, \"include_list\": [\"product.*\"], \"exclude_list\": null, \"user\": null}", "children": "", "collapsed": false}}, {"model": "sessions.session", "pk": "0vsfifat9bhpun0hdr4oomsyg1gjy91i", "fields": {"session_data": ".eJxVjDsOwyAQRO9CHSF-BpMyfc6AlmUTnEQgGbuKcvdgyYU95Zs382UB1iWHtdEcpsSuTLLLkUXAN5WtSC8oz8qxlmWeIt8UvreN32uiz213TwcZWu7rcVTSRhqwh6RLWit0KFB47Mw69BqsQRQUB4naekUPr8AZUCkKQ-z3B_jOOIM:1kvoQZ:EWXdKBouRXFKWVIk5LJD68gnUwjn9pEFr_2xrugNIIM", "expire_date": "2021-01-16T21:27:11.525Z"}}, {"model": "sessions.session", "pk": "1564y1qdcbbdpcmzgtc8ex5hc1pi5cee", "fields": {"session_data": ".eJxVjDsOwyAQRO9CHSF-BpMyfc6AlmUTnEQgGbuKcvdgyYU95Zs382UB1iWHtdEcpsSuTLLLkUXAN5WtSC8oz8qxlmWeIt8UvreN32uiz213TwcZWu7rcVTSRhqwh6RLWit0KFB47Mw69BqsQRQUB4naekUPr8AZUCkKQ-z3B_jOOIM:1kwTjt:bAqMNlj24UFHU19q5SDlq3mihL_zgzGHZ-M_DbXoJho", "expire_date": "2021-01-18T17:33:53.981Z"}}, {"model": "sessions.session", "pk": "31ypedd7elkm9imtvakna6t3jaebk14x", "fields": {"session_data": ".eJxVjDsOwyAQRO9CHSF-BpMyfc6AlmUTnEQgGbuKcvdgyYU95Zs382UB1iWHtdEcpsSuTLLLkUXAN5WtSC8oz8qxlmWeIt8UvreN32uiz213TwcZWu7rcVTSRhqwh6RLWit0KFB47Mw69BqsQRQUB4naekUPr8AZUCkKQ-z3B_jOOIM:1kwWQX:fr5lNHPVszZhvWrn-FUbC8F9OeqONTbkzHK-3CG5b4Y", "expire_date": "2021-01-18T20:26:05.343Z"}}, {"model": "sessions.session", "pk": "50qetclashp1mp5igvlyzla9fexj99no", "fields": {"session_data": ".eJxVjEEOwiAURO_C2hC-tFRcuvcMzcD_SNVAUtqV8e7apAvdzntvXmrEuuRxbTKPE6uzInX43QLiQ8oG-I5yqzrWssxT0Juid9r0tbI8L7v7d5DR8rfujCMgiBVQL4mCNcnBsgUNMB4DRYQuHj1ztMn0PgGenDXBm8RyUu8PAjQ4yw:1knf3h:UxIff5eT21LjF9e6Q7N4EL_Q1gOgQ5y8a7gI-xHDTuU", "expire_date": "2020-12-25T09:49:53.264Z"}}, {"model": "sessions.session", "pk": "6komjgtq7uamtmacme4w451eebx5m57a", "fields": {"session_data": ".eJxVjDsOwyAQRO9CHSGWn03K9D4DWlgITiIsGbuKcvdgyUXSjWbemzfzuG_F7y2tfiZ2ZYpdfruA8ZnqMdAD633hcanbOgd-IPxcG58WSq_byf4dFGyl2w50klFbAJFiRiVDMEZ1PzlwgCKPRpLNwSqKPdoIKujBCiIBNg8j-3wB5VY3wg:1kqeG9:hLzlicaR1ntMcJWdicNrLd1w-V31U3Tg8bckKI7gwO8", "expire_date": "2021-01-02T15:35:05.821Z"}}, {"model": "sessions.session", "pk": "b7g31ht96cdnq9pxtieie0jisxgjp83z", "fields": {"session_data": ".eJxVjEEOwiAURO_C2hC-tFRcuvcMzcD_SNVAUtqV8e7apAvdzntvXmrEuuRxbTKPE6uzInX43QLiQ8oG-I5yqzrWssxT0Juid9r0tbI8L7v7d5DR8rfujCMgiBVQL4mCNcnBsgUNMB4DRYQuHj1ztMn0PgGenDXBm8RyUu8PAjQ4yw:1kpSiO:2VPpbKAss_5yFR4lbE71Ee4UbcI5WTXfvZnECZJ8cI8", "expire_date": "2020-12-30T09:03:20.201Z"}}, {"model": "sessions.session", "pk": "e4adg5q3elrbe7se3sj2xal8ss2kujfh", "fields": {"session_data": ".eJxVjEEOwiAURO_C2hC-tFRcuvcMzcD_SNVAUtqV8e7apAvdzntvXmrEuuRxbTKPE6uzInX43QLiQ8oG-I5yqzrWssxT0Juid9r0tbI8L7v7d5DR8rfujCMgiBVQL4mCNcnBsgUNMB4DRYQuHj1ztMn0PgGenDXBm8RyUu8PAjQ4yw:1kpDnG:EpcbCm8LOFSnHPwW495bthEvLtmBdri0FpjSmn-qQpY", "expire_date": "2020-12-29T17:07:22.669Z"}}, {"model": "sessions.session", "pk": "i0nogajvmqbvrrtlua8ccfxnzgtz2894", "fields": {"session_data": ".eJxVjDsOwjAQBe_iGln-fyjpOYO13nVwANlSnFSIu0OkFNC-mXkvlmBba9pGWdJM7Mw0O_1uGfBR2g7oDu3WOfa2LnPmu8IPOvi1U3leDvfvoMKo39oXEa3J3hmblXA0TYjKkAJnnIoEpFDqYEJQuZDVlKWJUpL3AgG1Bvb-ANtsN8Y:1krmSW:ab_971vWv02QS3zXdbzv_meMAXuQ_uxJlD1sP6e7ZoQ", "expire_date": "2021-01-05T18:32:32.284Z"}}, {"model": "sessions.session", "pk": "jy1uv2pzjw6dnppa2k23n9dp13d8ojrq", "fields": {"session_data": ".eJxVkMGKgzAQht8l5yITGzXZW6HtLvQgeOspTJKpisHQRlmXsu--WhS2t-Ef_m8-5sluaMmE0Ok44EDsg01VB_xaibucPqsf8p4fL5fveFKHMq-b6YvtmMZxaPQY6aFbN1cEvIcGbUf9sonBtui1DQ9K1jQm28nkvA7lYa6m74wGYzMD9sBBgQCnTKEUNyhBGpnaHHhBCNyp7Ea5FEhERbEXOWXOpKmTmXXAzSK2OrzQHuOgfajb_p_k5rMIeOzrEevlEdSz3z-30V_G:1lC0Xq:9wQOreAUlyYlFqnMqC5WlwXJik0wZ_i8HFFfONKOUn4", "expire_date": "2021-03-02T13:37:38.303Z"}}, {"model": "sessions.session", "pk": "kg9y9q6smqtx001fijts6z2x79fxxjuo", "fields": {"session_data": ".eJxVjDsOwyAQRO9CHSGWn03K9D4DWlgITiIsGbuKcvdgyUXSjWbemzfzuG_F7y2tfiZ2ZYpdfruA8ZnqMdAD633hcanbOgd-IPxcG58WSq_byf4dFGyl2w50klFbAJFiRiVDMEZ1PzlwgCKPRpLNwSqKPdoIKujBCiIBNg8j-3wB5VY3wg:1kqvTO:KGYmPFWcmcIuwdV87Eb88WZm2LCyspM-mporx27e4Jw", "expire_date": "2021-01-03T09:57:54.938Z"}}, {"model": "sessions.session", "pk": "opu0c4kudsa7fumdl9p1bhs3h3aa88tv", "fields": {"session_data": ".eJxVjEEOwiAURO_C2hC-tFRcuvcMzcD_SNVAUtqV8e7apAvdzntvXmrEuuRxbTKPE6uzInX43QLiQ8oG-I5yqzrWssxT0Juid9r0tbI8L7v7d5DR8rfujCMgiBVQL4mCNcnBsgUNMB4DRYQuHj1ztMn0PgGenDXBm8RyUu8PAjQ4yw:1knRKI:RO-9eBbznHyY5hDjq8cjn1lpYgVjZ7oXyABxe9A7Ywc", "expire_date": "2020-12-24T19:10:06.204Z"}}, {"model": "sessions.session", "pk": "q0i73ncw9j5sb7zjrgu9wc9udb4l7ija", "fields": {"session_data": "eyJmYWNlYm9va19zdGF0ZSI6IkNPSTBTbXQwM1hJOFl3TVdldkRWcUR6YTl2Z202T0FTIn0:1ksM5m:pA0wlaJ1gythbGlqqfHwuXcasTG9eHuvEiVP3QQWYZg", "expire_date": "2021-01-07T08:35:26.334Z"}}, {"model": "sessions.session", "pk": "s4os1k7xx7d24aiu1myk0tq59i7xlrrw", "fields": {"session_data": ".eJxVjDsOwyAQRO9CHSGWn03K9D4DWlgITiIsGbuKcvdgyUXSjWbemzfzuG_F7y2tfiZ2ZYpdfruA8ZnqMdAD633hcanbOgd-IPxcG58WSq_byf4dFGyl2w50klFbAJFiRiVDMEZ1PzlwgCKPRpLNwSqKPdoIKujBCiIBNg8j-3wB5VY3wg:1kqeMj:sa5v113nS0lxoppsV7p3I_PkVNMURaOIpI2-5gcGJTM", "expire_date": "2021-01-02T15:41:53.229Z"}}, {"model": "sessions.session", "pk": "wwvgkt3ujedpdao5tzjlupppivbkhyka", "fields": {"session_data": ".eJxVjEEOwiAURO_C2hC-tFRcuvcMzcD_SNVAUtqV8e7apAvdzntvXmrEuuRxbTKPE6uzInX43QLiQ8oG-I5yqzrWssxT0Juid9r0tbI8L7v7d5DR8rfujCMgiBVQL4mCNcnBsgUNMB4DRYQuHj1ztMn0PgGenDXBm8RyUu8PAjQ4yw:1koUE8:daWtw2KZjXXfQM4hWi2HUBLW5_6z5xuUtYxYF_VWuP8", "expire_date": "2020-12-27T16:28:04.269Z"}}, {"model": "sessions.session", "pk": "x50yd8lyayfc1v1qptx0bc0gt0ku5ekq", "fields": {"session_data": ".eJxVjEEOwiAURO_C2hC-tFRcuvcMzcD_SNVAUtqV8e7apAvdzntvXmrEuuRxbTKPE6uzInX43QLiQ8oG-I5yqzrWssxT0Juid9r0tbI8L7v7d5DR8rfujCMgiBVQL4mCNcnBsgUNMB4DRYQuHj1ztMn0PgGenDXBm8RyUu8PAjQ4yw:1kn5ZR:ucR7tseJ5HYfKn_LpBFC7odkz3zB3wlf5b1L70WnnpM", "expire_date": "2020-12-23T19:56:17.913Z"}}, {"model": "sessions.session", "pk": "x8cpalfg1vf3yesu2hfmalznyoftl0l9", "fields": {"session_data": ".eJxVjEEOwiAURO_C2hC-tFRcuvcMzcD_SNVAUtqV8e7apAvdzntvXmrEuuRxbTKPE6uzInX43QLiQ8oG-I5yqzrWssxT0Juid9r0tbI8L7v7d5DR8rfujCMgiBVQL4mCNcnBsgUNMB4DRYQuHj1ztMn0PgGenDXBm8RyUu8PAjQ4yw:1kpVmF:VOFQTLpHKJVVfS5tD3y0LMus02dSqJWo_Ra0zElSalE", "expire_date": "2020-12-30T12:19:31.747Z"}}, {"model": "sessions.session", "pk": "xvecvzv9z9pti1d7upu33ss84t5p9mrj", "fields": {"session_data": ".eJxVjDsOwyAQRO9CHSGWn03K9D4DWlgITiIsGbuKcvdgyUXSjWbemzfzuG_F7y2tfiZ2ZYpdfruA8ZnqMdAD633hcanbOgd-IPxcG58WSq_byf4dFGyl2w50klFbAJFiRiVDMEZ1PzlwgCKPRpLNwSqKPdoIKujBCiIBNg8j-3wB5VY3wg:1krmPc:F4M5XcbM6Axb7i4X1yIPvFvC_iUVr5nMqp2_OwHiEUI", "expire_date": "2021-01-05T18:29:32.117Z"}}, {"model": "sessions.session", "pk": "xz3lubykcezn808a6wxfny9tmmm8u3bf", "fields": {"session_data": ".eJxVjEEOwiAURO_C2hC-tFRcuvcMzcD_SNVAUtqV8e7apAvdzntvXmrEuuRxbTKPE6uzInX43QLiQ8oG-I5yqzrWssxT0Juid9r0tbI8L7v7d5DR8rfujCMgiBVQL4mCNcnBsgUNMB4DRYQuHj1ztMn0PgGenDXBm8RyUu8PAjQ4yw:1konJj:lCMj8ev4fKu52EiUDcgarcoXzB1dZU3mWm-rCUYWfdk", "expire_date": "2020-12-28T12:51:07.886Z"}}, {"model": "sessions.session", "pk": "zdapjfg826cpb95k6ae5rt0n7bhjr8hq", "fields": {"session_data": ".eJxVjDsOwyAQRO9CHSF-BpMyfc6AlmUTnEQgGbuKcvdgyYU95Zs382UB1iWHtdEcpsSuTLLLkUXAN5WtSC8oz8qxlmWeIt8UvreN32uiz213TwcZWu7rcVTSRhqwh6RLWit0KFB47Mw69BqsQRQUB4naekUPr8AZUCkKQ-z3B_jOOIM:1ksWwi:6-04_JDfnJPmF7AMAY3HDcibagwrBtMaQnYg9ZxE690", "expire_date": "2021-01-07T20:10:48.292Z"}}, {"model": "sessions.session", "pk": "zeo9urokqxas6zz0a850m59qh8btph4r", "fields": {"session_data": ".eJxVjMsOgjAQRf-la0NoCxTcCXFhojE-4pZMO1NBCI1QXzH-u5qwYXvPOffNLBjSzjXl4METm7Nl7dP2oO7ZQ-BJrRbFbn3cF6173vPX9kqCzVgJN1-Vt4H6ssZfEiXTUYNpqPsTvEB3doFxne9rHfyVYKRDsHFIbT66k4MKhupXJ4RKAEc0ViE3yiZhBFZFIpM8iyUnbrMIYp5KLlGIMNEopdEGUkvSppZ9vq7BSdU:1lBzPx:xFUJQSOo_mcHYqfFLIn511fodd9OiAV7tmDgrDA8kpU", "expire_date": "2021-03-02T12:25:25.679Z"}}, {"model": "account.user", "pk": 40, "fields": {"password": "!i2WDAOiF0J268dWD4GEcwIqa3Gc0nO1cFsUcOgHa", "last_login": "2021-02-16T13:09:27.888Z", "is_superuser": false, "first_name": "Nizami", "last_name": "Suleymanov", "is_staff": false, "is_active": true, "date_joined": "2020-12-24T08:40:35.813Z", "username": "NizamiSuleymanov", "email": "", "tel_numb": "", "birthday_data": null, "gender": null, "is_information": null, "is_membership": null, "created_at": "2020-12-24T08:40:35.815Z", "updated_at": "2021-02-16T13:09:27.820Z", "groups": [], "user_permissions": []}}, {"model": "account.user", "pk": 46, "fields": {"password": "pbkdf2_sha256$216000$IFFEETMnA8i9$G/KxJ+1v5XXEb75fz5ZdFpy7dKkxTdWmGP62Znej4aU=", "last_login": "2021-02-16T12:25:25.670Z", "is_superuser": true, "first_name": "", "last_name": "", "is_staff": true, "is_active": true, "date_joined": "2021-02-10T08:09:16.786Z", "username": "koki", "email": "koki@gmail.com", "tel_numb": "", "birthday_data": null, "gender": null, "is_information": null, "is_membership": null, "created_at": "2021-02-10T08:09:17.042Z", "updated_at": "2021-02-10T08:09:17.042Z", "groups": [], "user_permissions": []}}, {"model": "account.user", "pk": 47, "fields": {"password": "pbkdf2_sha256$216000$5JBsvWtLQKEU$nIA5DjZsoghLQSLTbkjoXAStn5z1Yhi4BSEHytfda0k=", "last_login": "2021-02-16T13:07:47.182Z", "is_superuser": false, "first_name": "Koki", "last_name": "Suleymanov", "is_staff": false, "is_active": true, "date_joined": "2021-02-10T12:54:39.225Z", "username": null, "email": "koki.suleymanov@gmail.com", "tel_numb": "0552 638 25 33", "birthday_data": "1951-01-01", "gender": "F", "is_information": true, "is_membership": true, "created_at": "2021-02-10T12:54:39.589Z", "updated_at": "2021-02-16T13:09:08.954Z", "groups": [], "user_permissions": []}}, {"model": "account.user", "pk": 48, "fields": {"password": "pbkdf2_sha256$216000$anuwWXFzZPga$fCnpTaoLiIBlc9O2l/t07j9VuTk2nLoIoLX46gL9ano=", "last_login": null, "is_superuser": false, "first_name": "Nizami", "last_name": "Suleymanov", "is_staff": false, "is_active": false, "date_joined": "2021-02-16T11:49:31.395Z", "username": null, "email": "koki.suleymanov@gmail.ru", "tel_numb": "0552 638 25 33", "birthday_data": "1951-01-01", "gender": "M", "is_information": true, "is_membership": true, "created_at": "2021-02-16T11:49:31.784Z", "updated_at": "2021-02-16T11:49:34.725Z", "groups": [], "user_permissions": []}}, {"model": "account.user", "pk": 49, "fields": {"password": "pbkdf2_sha256$216000$p7xBVlbY3p84$zzlncaB2vIFRcJUdbojgWgD9GFqf99GvOsseBFfKnTE=", "last_login": null, "is_superuser": false, "first_name": "Nizami", "last_name": "Suleymanov", "is_staff": false, "is_active": false, "date_joined": "2021-02-16T13:06:55.909Z", "username": null, "email": "koki.suleymanov@mail.ru", "tel_numb": "0552 638 25 33", "birthday_data": "1951-01-01", "gender": "M", "is_information": true, "is_membership": true, "created_at": "2021-02-16T13:06:56.371Z", "updated_at": "2021-02-16T13:07:05.551Z", "groups": [], "user_permissions": []}}, {"model": "product.category", "pk": 19, "fields": {"title": "JEAN", "image": "caregory_images/136790_jG6K3gg.jpeg", "is_active_class": false, "is_main": true, "is_sub": false, "slug": "tum-jean-modelleri", "is_position": "m", "parent_category": null, "is_published": true, "created_at": "2020-12-12T23:04:48.290Z", "updated_at": "2021-02-16T10:33:41.601Z", "related_category": [21]}}, {"model": "product.category", "pk": 21, "fields": {"title": "KADIN", "image": "", "is_active_class": false, "is_main": false, "is_sub": true, "slug": "tum-jean-kadin", "is_position": "no", "parent_category": 19, "is_published": true, "created_at": "2020-12-13T16:36:08.123Z", "updated_at": "2020-12-19T16:17:53.034Z", "related_category": []}}, {"model": "product.category", "pk": 22, "fields": {"title": "Jean Pantolon", "image": "", "is_active_class": false, "is_main": false, "is_sub": false, "slug": "tum-jean-pantaolon", "is_position": "no", "parent_category": 21, "is_published": true, "created_at": "2020-12-13T16:37:55.703Z", "updated_at": "2021-02-16T10:32:24.017Z", "related_category": [19, 21]}}, {"model": "product.category", "pk": 23, "fields": {"title": "KADIN FiTLER", "image": "", "is_active_class": false, "is_main": false, "is_sub": true, "slug": "tum-kadin-fitler", "is_position": "no", "parent_category": 19, "is_published": true, "created_at": "2020-12-13T16:46:31.519Z", "updated_at": "2020-12-19T21:29:08.840Z", "related_category": []}}, {"model": "product.category", "pk": 26, "fields": {"title": "Slim Fit", "image": "", "is_active_class": false, "is_main": false, "is_sub": false, "slug": "kadin-fitlet-slim-fit", "is_position": "no", "parent_category": 23, "is_published": true, "created_at": "2020-12-13T17:28:19.341Z", "updated_at": "2020-12-19T21:29:28.669Z", "related_category": []}}, {"model": "product.category", "pk": 27, "fields": {"title": "Jean Şort", "image": "", "is_active_class": false, "is_main": false, "is_sub": false, "slug": "kadin-jean-sort", "is_position": "no", "parent_category": 21, "is_published": true, "created_at": "2020-12-13T17:34:41.565Z", "updated_at": "2020-12-19T21:29:49.136Z", "related_category": []}}, {"model": "product.category", "pk": 28, "fields": {"title": "Jean Etek", "image": "", "is_active_class": false, "is_main": false, "is_sub": false, "slug": "kadin-jean-etek", "is_position": "no", "parent_category": 21, "is_published": true, "created_at": "2020-12-13T17:34:58.081Z", "updated_at": "2020-12-19T21:30:10.187Z", "related_category": []}}, {"model": "product.category", "pk": 29, "fields": {"title": "Jean Elbise", "image": "", "is_active_class": false, "is_main": false, "is_sub": false, "slug": "kadin-jean-elbise", "is_position": "no", "parent_category": 21, "is_published": true, "created_at": "2020-12-13T17:35:44.888Z", "updated_at": "2021-02-11T20:24:50.808Z", "related_category": [19, 21, 29]}}, {"model": "product.category", "pk": 30, "fields": {"title": "Jean Gömlek", "image": "", "is_active_class": false, "is_main": false, "is_sub": false, "slug": "kadin-jean-gomlek", "is_position": "no", "parent_category": 21, "is_published": true, "created_at": "2020-12-13T17:36:53.749Z", "updated_at": "2020-12-19T21:30:30.729Z", "related_category": []}}, {"model": "product.category", "pk": 31, "fields": {"title": "Jean Ceket", "image": "", "is_active_class": false, "is_main": false, "is_sub": false, "slug": null, "is_position": "no", "parent_category": 21, "is_published": true, "created_at": "2020-12-13T17:37:55.332Z", "updated_at": "2020-12-13T17:37:55.332Z", "related_category": []}}, {"model": "product.category", "pk": 32, "fields": {"title": "Regular Fİt", "image": "", "is_active_class": false, "is_main": false, "is_sub": false, "slug": "kadin-fitler-regular-fit", "is_position": "no", "parent_category": 23, "is_published": true, "created_at": "2020-12-13T17:38:15.978Z", "updated_at": "2020-12-19T21:30:52.954Z", "related_category": []}}, {"model": "product.category", "pk": 33, "fields": {"title": "Mom Fİt", "image": "", "is_active_class": false, "is_main": false, "is_sub": false, "slug": "kadin-fitler-mom-fit", "is_position": "no", "parent_category": 23, "is_published": true, "created_at": "2020-12-13T17:38:44.005Z", "updated_at": "2020-12-19T21:31:10.940Z", "related_category": []}}, {"model": "product.category", "pk": 34, "fields": {"title": "Normal Kesim", "image": "", "is_active_class": false, "is_main": false, "is_sub": false, "slug": "kadin-fitler-normal-kesim", "is_position": "no", "parent_category": 23, "is_published": true, "created_at": "2020-12-13T17:38:57.005Z", "updated_at": "2020-12-19T21:31:21.259Z", "related_category": []}}, {"model": "product.category", "pk": 35, "fields": {"title": "ERKEK", "image": "", "is_active_class": false, "is_main": false, "is_sub": true, "slug": "jean-erkek", "is_position": "no", "parent_category": 19, "is_published": true, "created_at": "2020-12-13T17:39:47.170Z", "updated_at": "2020-12-19T21:31:45.247Z", "related_category": []}}, {"model": "product.category", "pk": 36, "fields": {"title": "Jean Pantolon", "image": "", "is_active_class": false, "is_main": false, "is_sub": false, "slug": "jean-erkek-pantolon", "is_position": "no", "parent_category": 35, "is_published": true, "created_at": "2020-12-13T17:40:08.611Z", "updated_at": "2020-12-19T21:32:06.498Z", "related_category": []}}, {"model": "product.category", "pk": 37, "fields": {"title": "Jean Şort", "image": "", "is_active_class": false, "is_main": false, "is_sub": false, "slug": "jean-erkek-sort", "is_position": "no", "parent_category": 35, "is_published": true, "created_at": "2020-12-13T17:40:21.800Z", "updated_at": "2020-12-19T21:32:22.951Z", "related_category": []}}, {"model": "product.category", "pk": 38, "fields": {"title": "Jean Gömlek K.Kol", "image": "", "is_active_class": false, "is_main": false, "is_sub": false, "slug": "jean-erkek-gomlek-kisa-kol", "is_position": "no", "parent_category": 35, "is_published": true, "created_at": "2020-12-13T17:40:45.128Z", "updated_at": "2020-12-19T21:33:02.480Z", "related_category": []}}, {"model": "product.category", "pk": 39, "fields": {"title": "Jean Gömlek U.Kol", "image": "", "is_active_class": false, "is_main": false, "is_sub": false, "slug": null, "is_position": "no", "parent_category": 35, "is_published": true, "created_at": "2020-12-13T17:40:59.632Z", "updated_at": "2020-12-13T17:40:59.632Z", "related_category": []}}, {"model": "product.category", "pk": 40, "fields": {"title": "Jean Ceket", "image": "", "is_active_class": false, "is_main": false, "is_sub": false, "slug": null, "is_position": "no", "parent_category": 35, "is_published": true, "created_at": "2020-12-13T17:41:17.671Z", "updated_at": "2020-12-13T17:41:17.671Z", "related_category": []}}, {"model": "product.category", "pk": 41, "fields": {"title": "ERKEK FiTLER", "image": "", "is_active_class": false, "is_main": false, "is_sub": true, "slug": null, "is_position": "no", "parent_category": 19, "is_published": true, "created_at": "2020-12-13T17:41:41.198Z", "updated_at": "2020-12-13T17:41:41.198Z", "related_category": []}}, {"model": "product.category", "pk": 42, "fields": {"title": "Normal Kesim", "image": "", "is_active_class": false, "is_main": false, "is_sub": false, "slug": null, "is_position": "no", "parent_category": 41, "is_published": true, "created_at": "2020-12-13T17:44:37.981Z", "updated_at": "2020-12-13T17:44:37.981Z", "related_category": []}}, {"model": "product.category", "pk": 43, "fields": {"title": "Slim Fit", "image": "", "is_active_class": false, "is_main": false, "is_sub": false, "slug": null, "is_position": "no", "parent_category": 41, "is_published": true, "created_at": "2020-12-13T17:44:54.684Z", "updated_at": "2020-12-13T17:44:54.684Z", "related_category": []}}, {"model": "product.category", "pk": 44, "fields": {"title": "Carrot Fit", "image": "", "is_active_class": false, "is_main": false, "is_sub": false, "slug": null, "is_position": "no", "parent_category": 41, "is_published": true, "created_at": "2020-12-13T17:45:13.309Z", "updated_at": "2020-12-13T17:45:13.309Z", "related_category": []}}, {"model": "product.category", "pk": 45, "fields": {"title": "KADIN", "image": "caregory_images/135340_smWZvev.jpeg", "is_active_class": false, "is_main": true, "is_sub": false, "slug": null, "is_position": "no", "parent_category": null, "is_published": true, "created_at": "2020-12-14T12:52:30.207Z", "updated_at": "2020-12-14T12:52:30.207Z", "related_category": []}}, {"model": "product.category", "pk": 46, "fields": {"title": "ERKEK", "image": "caregory_images/135338_ZOdgNzW.jpeg", "is_active_class": false, "is_main": true, "is_sub": false, "slug": null, "is_position": "no", "parent_category": null, "is_published": true, "created_at": "2020-12-14T12:52:41.768Z", "updated_at": "2020-12-14T12:52:41.768Z", "related_category": []}}, {"model": "product.category", "pk": 47, "fields": {"title": "YENİ SEZON", "image": "caregory_images/135851_exmoqzW.jpeg", "is_active_class": false, "is_main": true, "is_sub": false, "slug": null, "is_position": "no", "parent_category": null, "is_published": true, "created_at": "2020-12-14T12:53:32.343Z", "updated_at": "2020-12-14T12:53:32.343Z", "related_category": []}}, {"model": "product.category", "pk": 48, "fields": {"title": "OUTLET", "image": "", "is_active_class": true, "is_main": true, "is_sub": false, "slug": null, "is_position": "no", "parent_category": null, "is_published": true, "created_at": "2020-12-14T12:54:07.127Z", "updated_at": "2020-12-23T21:06:01.490Z", "related_category": []}}, {"model": "product.category", "pk": 49, "fields": {"title": "KIYAFETLER", "image": "", "is_active_class": false, "is_main": false, "is_sub": true, "slug": "kadin-kiyafetler", "is_position": "no", "parent_category": 45, "is_published": true, "created_at": "2020-12-20T10:20:31.174Z", "updated_at": "2020-12-20T10:20:31.174Z", "related_category": []}}, {"model": "product.category", "pk": 50, "fields": {"title": "Tişört", "image": "", "is_active_class": false, "is_main": false, "is_sub": false, "slug": "kadin-kiyafetler-tisort", "is_position": "no", "parent_category": 49, "is_published": true, "created_at": "2020-12-20T10:22:25.096Z", "updated_at": "2021-02-16T12:40:06.498Z", "related_category": [45, 49, 50]}}, {"model": "product.category", "pk": 51, "fields": {"title": "Etek", "image": "", "is_active_class": false, "is_main": false, "is_sub": false, "slug": "kadin-kiyafetler-etek", "is_position": "no", "parent_category": 49, "is_published": true, "created_at": "2020-12-20T10:23:16.296Z", "updated_at": "2020-12-20T10:23:16.296Z", "related_category": []}}, {"model": "product.category", "pk": 52, "fields": {"title": "Deniz Şortu", "image": "", "is_active_class": false, "is_main": false, "is_sub": false, "slug": "kadin-kiyafetler-deniz-sortu", "is_position": "no", "parent_category": 49, "is_published": true, "created_at": "2020-12-20T10:25:40.863Z", "updated_at": "2020-12-20T10:25:40.863Z", "related_category": []}}, {"model": "product.category", "pk": 53, "fields": {"title": "Şort", "image": "", "is_active_class": false, "is_main": false, "is_sub": false, "slug": "kadin-kiyafet-sort", "is_position": "no", "parent_category": 49, "is_published": true, "created_at": "2020-12-20T10:26:26.155Z", "updated_at": "2020-12-20T10:26:26.155Z", "related_category": []}}, {"model": "product.category", "pk": 54, "fields": {"title": "Eşofman Altı", "image": "", "is_active_class": false, "is_main": false, "is_sub": false, "slug": "kadin-kiyafet-esofman-alti", "is_position": "no", "parent_category": 49, "is_published": true, "created_at": "2020-12-20T10:27:57.186Z", "updated_at": "2020-12-20T10:27:57.186Z", "related_category": []}}, {"model": "product.category", "pk": 55, "fields": {"title": "Yelek", "image": "", "is_active_class": false, "is_main": false, "is_sub": false, "slug": "kadin-kiyafet-yelek", "is_position": "no", "parent_category": 49, "is_published": true, "created_at": "2020-12-20T10:28:39.161Z", "updated_at": "2020-12-20T10:28:39.161Z", "related_category": []}}, {"model": "product.category", "pk": 56, "fields": {"title": "Hırka", "image": "", "is_active_class": false, "is_main": false, "is_sub": false, "slug": "kadin-kiyafet-hirka", "is_position": "no", "parent_category": 49, "is_published": true, "created_at": "2020-12-20T10:29:00.891Z", "updated_at": "2020-12-20T10:29:00.891Z", "related_category": []}}, {"model": "product.category", "pk": 57, "fields": {"title": "Kazak", "image": "caregory_images/136812.jpeg", "is_active_class": false, "is_main": false, "is_sub": false, "slug": "kadin-kiyafet-kazak", "is_position": "up", "parent_category": 49, "is_published": true, "created_at": "2020-12-20T10:30:47.882Z", "updated_at": "2020-12-20T10:30:47.882Z", "related_category": []}}, {"model": "product.category", "pk": 58, "fields": {"title": "Elbise", "image": "", "is_active_class": false, "is_main": false, "is_sub": false, "slug": "kadin-kiyafetler-elbise", "is_position": "no", "parent_category": 49, "is_published": true, "created_at": "2020-12-20T10:44:16.237Z", "updated_at": "2020-12-20T10:44:16.237Z", "related_category": []}}, {"model": "product.category", "pk": 59, "fields": {"title": "AKSESUARLAR", "image": "", "is_active_class": false, "is_main": false, "is_sub": true, "slug": "kadin-aksesuarlar", "is_position": "no", "parent_category": 45, "is_published": true, "created_at": "2020-12-20T11:56:02.766Z", "updated_at": "2020-12-20T11:56:02.766Z", "related_category": []}}, {"model": "product.category", "pk": 60, "fields": {"title": "kazak", "image": "caregory_images/136815.jpeg", "is_active_class": false, "is_main": false, "is_sub": false, "slug": "erkek-kazak", "is_position": "up", "parent_category": 35, "is_published": true, "created_at": "2020-12-20T12:30:02.061Z", "updated_at": "2020-12-20T12:30:02.061Z", "related_category": []}}, {"model": "product.category", "pk": 61, "fields": {"title": "Atlet", "image": "", "is_active_class": false, "is_main": false, "is_sub": false, "slug": "kadin-kiyafet-atlet", "is_position": "no", "parent_category": 49, "is_published": true, "created_at": "2020-12-20T13:38:48.634Z", "updated_at": "2020-12-20T13:38:48.635Z", "related_category": []}}, {"model": "product.category", "pk": 62, "fields": {"title": "Pantalon", "image": "", "is_active_class": false, "is_main": false, "is_sub": false, "slug": "kadin-kiyafet-pantolon", "is_position": "no", "parent_category": 49, "is_published": true, "created_at": "2020-12-20T13:39:27.245Z", "updated_at": "2020-12-20T13:39:27.245Z", "related_category": []}}, {"model": "product.category", "pk": 63, "fields": {"title": "Gömlek", "image": "", "is_active_class": false, "is_main": false, "is_sub": false, "slug": "kadin-kiyafet-gomlek", "is_position": "no", "parent_category": 49, "is_published": true, "created_at": "2020-12-20T13:40:41.695Z", "updated_at": "2020-12-20T13:40:41.695Z", "related_category": []}}, {"model": "product.category", "pk": 64, "fields": {"title": "Sweatshirt", "image": "", "is_active_class": false, "is_main": false, "is_sub": false, "slug": "kadin-kiyafet-sweatshirt", "is_position": "no", "parent_category": 49, "is_published": true, "created_at": "2020-12-20T13:43:00.008Z", "updated_at": "2020-12-20T13:43:00.008Z", "related_category": []}}, {"model": "product.category", "pk": 65, "fields": {"title": "Ceket", "image": "", "is_active_class": false, "is_main": false, "is_sub": false, "slug": "kadin-kiyafet-ceket", "is_position": "no", "parent_category": 49, "is_published": true, "created_at": "2020-12-20T13:43:34.779Z", "updated_at": "2020-12-20T13:43:34.779Z", "related_category": []}}, {"model": "product.category", "pk": 66, "fields": {"title": "Mont", "image": "caregory_images/136793_dAw8pBf.jpeg", "is_active_class": false, "is_main": false, "is_sub": false, "slug": "kadin-kiyafet-mont", "is_position": "m", "parent_category": 49, "is_published": true, "created_at": "2020-12-20T13:45:00.893Z", "updated_at": "2020-12-24T16:51:57.137Z", "related_category": [65, 66]}}, {"model": "product.category", "pk": 67, "fields": {"title": "Gözluk", "image": "", "is_active_class": false, "is_main": false, "is_sub": false, "slug": "kadin-aksesuarlar-gozluk", "is_position": "no", "parent_category": 59, "is_published": true, "created_at": "2020-12-20T13:47:01.171Z", "updated_at": "2020-12-20T13:47:01.171Z", "related_category": []}}, {"model": "product.category", "pk": 68, "fields": {"title": "İç Giyim", "image": "", "is_active_class": false, "is_main": false, "is_sub": false, "slug": "kadin-aksesuarlar-ic-giyim", "is_position": "no", "parent_category": 59, "is_published": true, "created_at": "2020-12-20T13:48:42.363Z", "updated_at": "2020-12-20T13:48:42.363Z", "related_category": []}}, {"model": "product.category", "pk": 69, "fields": {"title": "Saat", "image": "", "is_active_class": false, "is_main": false, "is_sub": false, "slug": "kadin-aksesuarlar-saat", "is_position": "no", "parent_category": 59, "is_published": true, "created_at": "2020-12-20T13:50:01.396Z", "updated_at": "2020-12-20T13:50:01.396Z", "related_category": []}}, {"model": "product.category", "pk": 70, "fields": {"title": "Çorap", "image": "", "is_active_class": false, "is_main": false, "is_sub": false, "slug": "kadin-aksesuarlar-corap", "is_position": "no", "parent_category": 59, "is_published": true, "created_at": "2020-12-20T13:50:38.116Z", "updated_at": "2020-12-20T13:50:38.116Z", "related_category": []}}, {"model": "product.category", "pk": 71, "fields": {"title": "Cüzdan", "image": "", "is_active_class": false, "is_main": false, "is_sub": false, "slug": "kadin-aksesuarlar-cuzdan", "is_position": "no", "parent_category": 59, "is_published": true, "created_at": "2020-12-20T13:51:13.510Z", "updated_at": "2020-12-20T13:51:13.510Z", "related_category": []}}, {"model": "product.category", "pk": 72, "fields": {"title": "Kemer", "image": "", "is_active_class": false, "is_main": false, "is_sub": false, "slug": "kadin-aksesuarlar-kemer", "is_position": "no", "parent_category": 59, "is_published": true, "created_at": "2020-12-20T13:52:01.120Z", "updated_at": "2020-12-20T13:52:01.120Z", "related_category": []}}, {"model": "product.category", "pk": 73, "fields": {"title": "Bere", "image": "", "is_active_class": false, "is_main": false, "is_sub": false, "slug": "kadin-aksesuarlar-bere", "is_position": "no", "parent_category": 59, "is_published": true, "created_at": "2020-12-20T13:52:34.553Z", "updated_at": "2020-12-20T13:52:34.553Z", "related_category": []}}, {"model": "product.category", "pk": 74, "fields": {"title": "Şapka", "image": "", "is_active_class": false, "is_main": false, "is_sub": false, "slug": "kadin-aksesuarlar-sapka", "is_position": "no", "parent_category": 59, "is_published": true, "created_at": "2020-12-20T13:53:04.615Z", "updated_at": "2020-12-20T13:53:04.615Z", "related_category": []}}, {"model": "product.category", "pk": 75, "fields": {"title": "Terlik", "image": "", "is_active_class": false, "is_main": false, "is_sub": false, "slug": "kadin-aksesuarlar-terlik", "is_position": "no", "parent_category": 59, "is_published": true, "created_at": "2020-12-20T13:53:31.005Z", "updated_at": "2020-12-20T13:53:31.005Z", "related_category": []}}, {"model": "product.category", "pk": 76, "fields": {"title": "Bijuteri", "image": "", "is_active_class": false, "is_main": false, "is_sub": false, "slug": "kadin-aksesuarlar-bijuteri", "is_position": "no", "parent_category": 59, "is_published": true, "created_at": "2020-12-20T13:53:53.744Z", "updated_at": "2020-12-20T13:53:53.744Z", "related_category": []}}, {"model": "product.category", "pk": 77, "fields": {"title": "Çanta", "image": "", "is_active_class": false, "is_main": false, "is_sub": false, "slug": "kadin-aksesuarlar-canta", "is_position": "no", "parent_category": 59, "is_published": true, "created_at": "2020-12-20T13:54:15.049Z", "updated_at": "2020-12-20T13:54:15.049Z", "related_category": []}}, {"model": "product.category", "pk": 78, "fields": {"title": "Şal", "image": "", "is_active_class": false, "is_main": false, "is_sub": false, "slug": "kadin-aksesuarlar-sal", "is_position": "no", "parent_category": 59, "is_published": true, "created_at": "2020-12-20T13:54:51.442Z", "updated_at": "2020-12-20T13:54:51.442Z", "related_category": []}}, {"model": "product.category", "pk": 79, "fields": {"title": "Eldiven", "image": "", "is_active_class": false, "is_main": false, "is_sub": false, "slug": "kadin-aksesuarlar-eldiven", "is_position": "no", "parent_category": 59, "is_published": true, "created_at": "2020-12-20T13:55:15.304Z", "updated_at": "2020-12-20T13:55:15.304Z", "related_category": []}}, {"model": "product.category", "pk": 80, "fields": {"title": "Atkı", "image": "", "is_active_class": false, "is_main": false, "is_sub": false, "slug": "kadin-aksesuarlar-atki", "is_position": "no", "parent_category": 59, "is_published": true, "created_at": "2020-12-20T13:55:37.937Z", "updated_at": "2020-12-20T13:55:37.937Z", "related_category": []}}, {"model": "product.category", "pk": 81, "fields": {"title": "KIYAFETLER", "image": "", "is_active_class": false, "is_main": false, "is_sub": true, "slug": "erkek-kiyafetler", "is_position": "no", "parent_category": 46, "is_published": true, "created_at": "2020-12-20T16:55:46.265Z", "updated_at": "2020-12-20T16:55:46.265Z", "related_category": []}}, {"model": "product.category", "pk": 82, "fields": {"title": "AKSESUAR", "image": "", "is_active_class": false, "is_main": false, "is_sub": true, "slug": "erkek-aksesuar", "is_position": "no", "parent_category": 46, "is_published": true, "created_at": "2020-12-20T16:56:31.877Z", "updated_at": "2020-12-20T16:56:31.877Z", "related_category": []}}, {"model": "product.category", "pk": 83, "fields": {"title": "Pantalon", "image": "", "is_active_class": false, "is_main": false, "is_sub": false, "slug": "erkek-kiyafetler-pantalon", "is_position": "no", "parent_category": 81, "is_published": true, "created_at": "2020-12-20T20:44:47.181Z", "updated_at": "2020-12-20T20:44:47.181Z", "related_category": []}}, {"model": "product.category", "pk": 84, "fields": {"title": "Gömlek", "image": "", "is_active_class": false, "is_main": false, "is_sub": false, "slug": "erkek-kiyafetler-gomlek", "is_position": "no", "parent_category": 81, "is_published": true, "created_at": "2020-12-20T20:45:18.058Z", "updated_at": "2020-12-20T20:45:18.058Z", "related_category": []}}, {"model": "product.category", "pk": 85, "fields": {"title": "Atlet", "image": "", "is_active_class": false, "is_main": false, "is_sub": false, "slug": "erkek-kiyafetler-atlet", "is_position": "no", "parent_category": 81, "is_published": true, "created_at": "2020-12-20T20:45:50.503Z", "updated_at": "2020-12-20T20:45:50.503Z", "related_category": []}}, {"model": "product.category", "pk": 86, "fields": {"title": "Eşofman Altı", "image": "", "is_active_class": false, "is_main": false, "is_sub": false, "slug": "erkek-kiyafetler-esofman-alti", "is_position": "no", "parent_category": 81, "is_published": true, "created_at": "2020-12-20T20:46:18.162Z", "updated_at": "2020-12-20T20:46:18.162Z", "related_category": []}}, {"model": "product.category", "pk": 87, "fields": {"title": "Yelek", "image": "", "is_active_class": false, "is_main": false, "is_sub": false, "slug": "erkek-kiyafetler-yelek", "is_position": "no", "parent_category": 81, "is_published": true, "created_at": "2020-12-20T20:46:36.258Z", "updated_at": "2020-12-20T20:46:36.258Z", "related_category": []}}, {"model": "product.category", "pk": 88, "fields": {"title": "Hırka", "image": "", "is_active_class": false, "is_main": false, "is_sub": false, "slug": "erkek-kiyafetler-hirka", "is_position": "no", "parent_category": 81, "is_published": true, "created_at": "2020-12-20T20:47:09.150Z", "updated_at": "2020-12-20T20:47:09.150Z", "related_category": []}}, {"model": "product.category", "pk": 89, "fields": {"title": "Kazak", "image": "", "is_active_class": false, "is_main": false, "is_sub": false, "slug": "erkek-kiyafetler-kazak", "is_position": "no", "parent_category": 81, "is_published": true, "created_at": "2020-12-20T20:48:01.363Z", "updated_at": "2020-12-20T20:48:01.363Z", "related_category": []}}, {"model": "product.category", "pk": 90, "fields": {"title": "Tişört", "image": "", "is_active_class": false, "is_main": false, "is_sub": false, "slug": "erkek-kiyafetler-tisort", "is_position": "no", "parent_category": 81, "is_published": true, "created_at": "2020-12-20T20:49:26.083Z", "updated_at": "2020-12-20T20:49:26.083Z", "related_category": []}}, {"model": "product.category", "pk": 91, "fields": {"title": "Şort", "image": "", "is_active_class": false, "is_main": false, "is_sub": false, "slug": "erkek-kiyafetler-sort", "is_position": "no", "parent_category": 81, "is_published": true, "created_at": "2020-12-20T20:49:57.978Z", "updated_at": "2020-12-20T20:49:57.978Z", "related_category": []}}, {"model": "product.category", "pk": 92, "fields": {"title": "Deniz Şortu", "image": "", "is_active_class": false, "is_main": false, "is_sub": false, "slug": "erkek-kiyafetler-deniz-sortu", "is_position": "no", "parent_category": 81, "is_published": true, "created_at": "2020-12-20T20:50:34.101Z", "updated_at": "2020-12-20T20:50:34.101Z", "related_category": []}}, {"model": "product.category", "pk": 93, "fields": {"title": "Sweatshirt", "image": "", "is_active_class": false, "is_main": false, "is_sub": false, "slug": "erkek-kiyafetler-sweatshirt", "is_position": "no", "parent_category": 81, "is_published": true, "created_at": "2020-12-20T20:52:13.281Z", "updated_at": "2020-12-20T20:52:13.281Z", "related_category": []}}, {"model": "product.category", "pk": 94, "fields": {"title": "Ceket", "image": "", "is_active_class": false, "is_main": false, "is_sub": false, "slug": "erkek-kiyafetler-ceket", "is_position": "no", "parent_category": 81, "is_published": true, "created_at": "2020-12-20T20:52:32.152Z", "updated_at": "2020-12-20T20:52:32.152Z", "related_category": []}}, {"model": "product.category", "pk": 95, "fields": {"title": "Kaban", "image": "caregory_images/136787.jpeg", "is_active_class": false, "is_main": false, "is_sub": false, "slug": "erkek-kiyafetler-kaban", "is_position": "m", "parent_category": 81, "is_published": true, "created_at": "2020-12-20T20:53:04.236Z", "updated_at": "2020-12-24T16:47:06.482Z", "related_category": [89, 94, 95]}}, {"model": "product.category", "pk": 96, "fields": {"title": "Mont", "image": "", "is_active_class": false, "is_main": false, "is_sub": false, "slug": "erkek-aksesuar-mont", "is_position": "no", "parent_category": 81, "is_published": true, "created_at": "2020-12-20T20:53:31.280Z", "updated_at": "2020-12-20T20:59:02.777Z", "related_category": []}}, {"model": "product.category", "pk": 97, "fields": {"title": "Gözluk", "image": "", "is_active_class": false, "is_main": false, "is_sub": false, "slug": "erkek-kiyafetler-gozluk", "is_position": "no", "parent_category": 82, "is_published": true, "created_at": "2020-12-20T20:54:00.001Z", "updated_at": "2020-12-20T20:54:00.001Z", "related_category": []}}, {"model": "product.category", "pk": 98, "fields": {"title": "Şapka", "image": "", "is_active_class": false, "is_main": false, "is_sub": false, "slug": "erkek-kiyafetler-sapka", "is_position": "no", "parent_category": 82, "is_published": true, "created_at": "2020-12-20T20:54:32.897Z", "updated_at": "2020-12-20T20:54:32.897Z", "related_category": []}}, {"model": "product.category", "pk": 99, "fields": {"title": "Kemer", "image": "", "is_active_class": false, "is_main": false, "is_sub": false, "slug": "erkek-aksesuar-kemer", "is_position": "no", "parent_category": 82, "is_published": true, "created_at": "2020-12-20T20:54:52.949Z", "updated_at": "2020-12-20T20:58:07.532Z", "related_category": []}}, {"model": "product.category", "pk": 100, "fields": {"title": "Çanta", "image": "", "is_active_class": false, "is_main": false, "is_sub": false, "slug": "erkek-aksesuar-canta", "is_position": "no", "parent_category": 82, "is_published": true, "created_at": "2020-12-20T20:55:40.548Z", "updated_at": "2020-12-20T20:57:56.001Z", "related_category": []}}, {"model": "product.category", "pk": 101, "fields": {"title": "Çorap", "image": "", "is_active_class": false, "is_main": false, "is_sub": false, "slug": "erkek-aksesuar-corap", "is_position": "no", "parent_category": 82, "is_published": true, "created_at": "2020-12-20T20:56:02.482Z", "updated_at": "2020-12-20T20:57:51.467Z", "related_category": []}}, {"model": "product.category", "pk": 102, "fields": {"title": "Bere", "image": "", "is_active_class": false, "is_main": false, "is_sub": false, "slug": "erkek-aksesuar-bere", "is_position": "no", "parent_category": 82, "is_published": true, "created_at": "2020-12-20T20:56:22.845Z", "updated_at": "2020-12-20T20:57:40.988Z", "related_category": []}}, {"model": "product.category", "pk": 103, "fields": {"title": "Atki", "image": "", "is_active_class": false, "is_main": false, "is_sub": false, "slug": "erkek-aksesuar-atki", "is_position": "no", "parent_category": 82, "is_published": true, "created_at": "2020-12-20T20:56:42.285Z", "updated_at": "2020-12-20T20:57:35.549Z", "related_category": []}}, {"model": "product.category", "pk": 104, "fields": {"title": "İç Giyim", "image": "", "is_active_class": false, "is_main": false, "is_sub": false, "slug": "erkek-aksesuar-ic-giyim", "is_position": "no", "parent_category": 82, "is_published": true, "created_at": "2020-12-20T20:57:27.769Z", "updated_at": "2020-12-20T20:57:27.769Z", "related_category": []}}, {"model": "product.category", "pk": 105, "fields": {"title": "Terlik", "image": "", "is_active_class": false, "is_main": false, "is_sub": false, "slug": "erkek-aksesuar-terlik", "is_position": "no", "parent_category": 82, "is_published": true, "created_at": "2020-12-20T21:00:33.831Z", "updated_at": "2020-12-20T21:00:33.831Z", "related_category": []}}, {"model": "product.category", "pk": 106, "fields": {"title": "Saat", "image": "", "is_active_class": false, "is_main": false, "is_sub": false, "slug": "erkek-aksesuar-saat", "is_position": "no", "parent_category": 82, "is_published": true, "created_at": "2020-12-20T21:00:53.420Z", "updated_at": "2020-12-20T21:00:53.420Z", "related_category": []}}, {"model": "product.category", "pk": 107, "fields": {"title": "Cüzdan", "image": "", "is_active_class": false, "is_main": false, "is_sub": false, "slug": "erkek-aksesuar-cuzdan", "is_position": "no", "parent_category": 82, "is_published": true, "created_at": "2020-12-20T21:01:21.730Z", "updated_at": "2020-12-20T21:01:21.730Z", "related_category": []}}, {"model": "product.category", "pk": 108, "fields": {"title": "Şal", "image": "", "is_active_class": false, "is_main": false, "is_sub": false, "slug": "erkek-aksesuar-sal", "is_position": "no", "parent_category": 82, "is_published": true, "created_at": "2020-12-20T21:01:43.108Z", "updated_at": "2020-12-20T21:01:43.108Z", "related_category": []}}, {"model": "product.category", "pk": 109, "fields": {"title": "Eldiven", "image": "", "is_active_class": false, "is_main": false, "is_sub": false, "slug": "erkek-aksesuar-eldiven", "is_position": "no", "parent_category": 82, "is_published": true, "created_at": "2020-12-20T21:02:06.019Z", "updated_at": "2020-12-20T21:02:06.019Z", "related_category": []}}, {"model": "product.category", "pk": 110, "fields": {"title": "JEAN GUIDE", "image": "", "is_active_class": false, "is_main": true, "is_sub": false, "slug": "jean-guide", "is_position": "no", "parent_category": null, "is_published": true, "created_at": "2020-12-20T21:03:33.089Z", "updated_at": "2020-12-20T21:03:33.089Z", "related_category": []}}, {"model": "product.category", "pk": 117, "fields": {"title": "Eldiven", "image": "", "is_active_class": false, "is_main": false, "is_sub": false, "slug": null, "is_position": "no", "parent_category": 82, "is_published": true, "created_at": "2021-02-11T10:55:20.016Z", "updated_at": "2021-02-11T10:55:25.857Z", "related_category": []}}, {"model": "product.category", "pk": 118, "fields": {"title": "Ceket", "image": "", "is_active_class": false, "is_main": false, "is_sub": false, "slug": null, "is_position": "no", "parent_category": 21, "is_published": true, "created_at": "2021-02-16T13:14:46.929Z", "updated_at": "2021-02-16T13:14:46.929Z", "related_category": [19]}}, {"model": "product.product", "pk": 2, "fields": {"title": "JEan", "title_tr": "JEan", "title_en": "Jean", "price": 299.99, "image": "product_image/dar_kesim_fermuar_cep_detayli_suni_deri_siyah_erkek_mont_133364.jpeg", "size": "m", "color_name": "sari", "color_name_tr": "sari", "color_name_en": "sari", "code": "CL1028719", "content": "%100 COTTON", "content_tr": "%100 COTTON", "content_en": "%100 PAMUK", "fit": "Slim Fit", "fit_tr": "Slim Fit", "fit_en": "Super Slim Fit", "sezon": "2018 kis", "sezon_tr": "2018 kis", "sezon_en": "2018 kis", "slug": null, "is_published": true, "created_at": "2020-12-14T13:05:52.610Z", "category": [19, 35, 36], "color": [2, 3]}}, {"model": "product.product", "pk": 3, "fields": {"title": "Kadin Elbise", "title_tr": "Kadin Elbise", "title_en": null, "price": 119.19, "image": "product_image/kadin_elbise_129885.jpeg", "size": "xs", "color_name": "siyah", "color_name_tr": "siyah", "color_name_en": "black", "code": "CL1048965", "content": "%100 COTTON", "content_tr": "%100 COTTON", "content_en": "%100 PAMUK", "fit": "Slim", "fit_tr": "Slim", "fit_en": "Slim", "sezon": "2020", "sezon_tr": "2020", "sezon_en": "2020", "slug": "kadin-elbise", "is_published": true, "created_at": "2020-12-14T13:23:12.106Z", "category": [19, 21, 29], "color": [3]}}, {"model": "product.product", "pk": 5, "fields": {"title": "Slim Fit Polo Yaka Sarı Erkek Kısa Kol Tişört", "title_tr": "Slim Fit Polo Yaka Sarı Erkek Kısa Kol Tişört", "title_en": "Men Short Sleeve Polo Shirt", "price": 79.9, "image": "product_image/erkek_polo_kkol_117520.jpeg", "size": "m", "color_name": "SARI", "color_name_tr": "SARI", "color_name_en": "YELLOW", "code": "CLTKTMPTS0244260", "content": "%100 COTTON", "content_tr": "%100 COTTON", "content_en": "%100 PAMUK", "fit": "Slim Fit", "fit_tr": "Slim Fit", "fit_en": "Slim Fit", "sezon": "Slim Fit", "sezon_tr": "Slim Fit", "sezon_en": "2020 Summer", "slug": null, "is_published": true, "created_at": "2021-01-04T20:45:10.207Z", "category": [32, 35, 90], "color": []}}, {"model": "product.product", "pk": 6, "fields": {"title": "760 Dıana Super Slim Fit Yüksek Bel Skinny Leg Kadın Siyah Jean Pantolon", "title_tr": "760 Dıana Super Slim Fit Yüksek Bel Skinny Leg Kadın Siyah Jean Pantolon", "title_en": "sasa", "price": 123.0, "image": "product_image/760_diana_slim_fit_siyah_jean_pantolon_136762.jpeg", "size": "m", "color_name": "Siyah", "color_name_tr": "Siyah", "color_name_en": "Black", "code": "CLTKTMPTS0244260", "content": "%100 PAMUK", "content_tr": "%100 PAMUK", "content_en": "%100 COTTON", "fit": "Slim Fit", "fit_tr": "Slim Fit", "fit_en": "Super Slim Fit", "sezon": "2021 Kış", "sezon_tr": "2021 Kış", "sezon_en": "2021 Winter", "slug": null, "is_published": true, "created_at": "2021-02-16T10:27:50.553Z", "category": [21, 22], "color": [3]}}, {"model": "product.product", "pk": 7, "fields": {"title": "Regular Fit V Yaka Kadın Haki Kısa Kol Tişört", "title_tr": "Regular Fit V Yaka Kadın Haki Kısa Kol Tişört", "title_en": "Woman Short Sleeve Tshirt", "price": 35.0, "image": "product_image/_regular_fit_v_yaka_kadin_haki_kisa_kol_tisort_139930.jpeg", "size": "l", "color_name": "Yeşil", "color_name_tr": "Yeşil", "color_name_en": "Green", "code": "CLTKTMPTS0244260", "content": "%100 PAMUK", "content_tr": "%100 PAMUK", "content_en": "%100 COTTON", "fit": "Regular Fit", "fit_tr": "Regular Fit", "fit_en": "Regular Fit", "sezon": "2021 Yaz", "sezon_tr": "2021 Yaz", "sezon_en": "2021 Summer", "slug": null, "is_published": true, "created_at": "2021-02-16T12:35:53.543Z", "category": [21, 49, 50], "color": [8, 9]}}, {"model": "product.product", "pk": 8, "fields": {"title": "Regular Fit V Yaka Kadın Beyaz Kısa Kol Tişört", "title_tr": "Regular Fit V Yaka Kadın Beyaz Kısa Kol Tişört", "title_en": null, "price": 35.0, "image": "product_image/kadin_tshirt_kkol_103686.jpeg", "size": "s", "color_name": "Beyaz", "color_name_tr": "Beyaz", "color_name_en": "White", "code": "CL1028719", "content": "%100 PAMUK", "content_tr": "%100 PAMUK", "content_en": "%100 Cotton", "fit": "Regular Fit", "fit_tr": "Regular Fit", "fit_en": "Regular Fit", "sezon": "2020Yaz", "sezon_tr": "2020Yaz", "sezon_en": "2020 Summer", "slug": null, "is_published": true, "created_at": "2021-02-16T12:45:44.564Z", "category": [50], "color": [7, 9]}}, {"model": "product.product", "pk": 9, "fields": {"title": "Regular Fit V Yaka Kadın Vişne Çürüğü Kısa Kol Tişört", "title_tr": "Regular Fit V Yaka Kadın Vişne Çürüğü Kısa Kol Tişört", "title_en": "Woman Short Sleeve Tshirt", "price": 25.0, "image": "product_image/kadin_tshirt_kkol_103694.jpeg", "size": "m", "color_name": "Kırmızı", "color_name_tr": "Kırmızı", "color_name_en": "Red", "code": "CL1028719", "content": "%100 PAMUK", "content_tr": "%100 PAMUK", "content_en": "%100 Cotton", "fit": "Slim Fit", "fit_tr": "Slim Fit", "fit_en": "Slim Fit", "sezon": "2019 Yaz", "sezon_tr": "2019 Yaz", "sezon_en": "2019 Summer", "slug": null, "is_published": true, "created_at": "2021-02-16T12:55:50.910Z", "category": [21, 45, 50, 81], "color": [7, 8, 9]}}, {"model": "product.productimg", "pk": 12, "fields": {"is_main": true, "image": "product_images/dar_kesim_fermuar_cep_detayli_suni_deri_siyah_erkek_mont_133364_j0tqDO2.jpeg", "pro_rel": 2, "is_published": true, "created_at": "2020-12-15T01:09:47.509Z", "updated_at": "2020-12-15T01:09:47.509Z"}}, {"model": "product.productimg", "pk": 13, "fields": {"is_main": true, "image": "product_images/dar_kesim_fermuar_cep_detayli_suni_deri_siyah_erkek_mont_133365_svgiTw9.jpeg", "pro_rel": 2, "is_published": true, "created_at": "2020-12-15T01:10:08.208Z", "updated_at": "2020-12-15T01:10:08.208Z"}}, {"model": "product.productimg", "pk": 14, "fields": {"is_main": true, "image": "product_images/erkek_mont_pu_120140_Alcswmt.jpeg", "pro_rel": 2, "is_published": true, "created_at": "2020-12-15T01:10:19.722Z", "updated_at": "2020-12-15T01:10:19.722Z"}}, {"model": "product.productimg", "pk": 15, "fields": {"is_main": true, "image": "product_images/dar_kesim_fermuar_cep_detayli_suni_deri_siyah_erkek_mont_133366_sUsVmSV.jpeg", "pro_rel": 2, "is_published": true, "created_at": "2020-12-15T01:10:34.927Z", "updated_at": "2020-12-15T01:10:34.927Z"}}, {"model": "product.productimg", "pk": 20, "fields": {"is_main": true, "image": "product_images/kadin_elbise_129882.jpeg", "pro_rel": 3, "is_published": true, "created_at": "2020-12-15T17:56:58.994Z", "updated_at": "2020-12-15T17:56:58.994Z"}}, {"model": "product.productimg", "pk": 21, "fields": {"is_main": true, "image": "product_images/kadin_elbise_129883.jpeg", "pro_rel": 3, "is_published": true, "created_at": "2020-12-15T17:57:14.087Z", "updated_at": "2020-12-15T17:57:14.087Z"}}, {"model": "product.productimg", "pk": 22, "fields": {"is_main": true, "image": "product_images/kadin_elbise_129884.jpeg", "pro_rel": 3, "is_published": true, "created_at": "2020-12-15T17:57:26.312Z", "updated_at": "2020-12-15T17:57:26.312Z"}}, {"model": "product.productimg", "pk": 23, "fields": {"is_main": true, "image": "product_images/kadin_elbise_129885.jpeg", "pro_rel": 3, "is_published": true, "created_at": "2020-12-15T17:57:35.420Z", "updated_at": "2020-12-15T17:57:35.420Z"}}, {"model": "product.productimg", "pk": 24, "fields": {"is_main": true, "image": "product_images/erkek_polo_kkol_117520.jpeg", "pro_rel": 5, "is_published": true, "created_at": "2021-01-04T21:06:15.707Z", "updated_at": "2021-01-04T21:06:15.707Z"}}, {"model": "product.productimg", "pk": 25, "fields": {"is_main": true, "image": "product_images/erkek_polo_kkol_117521.jpeg", "pro_rel": 5, "is_published": true, "created_at": "2021-01-04T21:06:23.690Z", "updated_at": "2021-01-04T21:06:23.690Z"}}, {"model": "product.productimg", "pk": 26, "fields": {"is_main": true, "image": "product_images/erkek_polo_kkol_117522.jpeg", "pro_rel": 5, "is_published": true, "created_at": "2021-01-04T21:06:31.280Z", "updated_at": "2021-01-04T21:06:31.280Z"}}, {"model": "product.productimg", "pk": 27, "fields": {"is_main": true, "image": "product_images/erkek_polo_kkol_117523.jpeg", "pro_rel": 5, "is_published": true, "created_at": "2021-01-04T21:06:38.409Z", "updated_at": "2021-01-04T21:06:38.409Z"}}, {"model": "product.productimg", "pk": 28, "fields": {"is_main": true, "image": "product_images/760_diana_slim_fit_siyah_jean_pantolon_136759.jpeg", "pro_rel": 6, "is_published": true, "created_at": "2021-02-16T10:28:21.191Z", "updated_at": "2021-02-16T10:28:21.191Z"}}, {"model": "product.productimg", "pk": 29, "fields": {"is_main": true, "image": "product_images/760_diana_slim_fit_siyah_jean_pantolon_136760.jpeg", "pro_rel": 6, "is_published": true, "created_at": "2021-02-16T10:28:21.200Z", "updated_at": "2021-02-16T10:28:21.200Z"}}, {"model": "product.productimg", "pk": 30, "fields": {"is_main": true, "image": "product_images/760_diana_slim_fit_siyah_jean_pantolon_136761.jpeg", "pro_rel": 6, "is_published": true, "created_at": "2021-02-16T10:28:21.204Z", "updated_at": "2021-02-16T10:28:21.204Z"}}, {"model": "product.productimg", "pk": 31, "fields": {"is_main": true, "image": "product_images/760_diana_slim_fit_siyah_jean_pantolon_136762.jpeg", "pro_rel": 6, "is_published": true, "created_at": "2021-02-16T10:28:21.209Z", "updated_at": "2021-02-16T10:28:21.209Z"}}, {"model": "product.productimg", "pk": 32, "fields": {"is_main": true, "image": "product_images/_regular_fit_v_yaka_kadin_haki_kisa_kol_tisort_139933.jpeg", "pro_rel": 7, "is_published": true, "created_at": "2021-02-16T12:35:53.628Z", "updated_at": "2021-02-16T12:35:53.628Z"}}, {"model": "product.productimg", "pk": 33, "fields": {"is_main": true, "image": "product_images/_regular_fit_v_yaka_kadin_haki_kisa_kol_tisort_139932.jpeg", "pro_rel": 7, "is_published": true, "created_at": "2021-02-16T12:35:53.645Z", "updated_at": "2021-02-16T12:35:53.645Z"}}, {"model": "product.productimg", "pk": 34, "fields": {"is_main": true, "image": "product_images/_regular_fit_v_yaka_kadin_haki_kisa_kol_tisort_139931.jpeg", "pro_rel": 7, "is_published": true, "created_at": "2021-02-16T12:35:53.650Z", "updated_at": "2021-02-16T12:35:53.651Z"}}, {"model": "product.productimg", "pk": 35, "fields": {"is_main": true, "image": "product_images/_regular_fit_v_yaka_kadin_haki_kisa_kol_tisort_139930.jpeg", "pro_rel": 7, "is_published": true, "created_at": "2021-02-16T12:35:53.657Z", "updated_at": "2021-02-16T12:35:53.657Z"}}, {"model": "product.productimg", "pk": 36, "fields": {"is_main": true, "image": "product_images/kadin_tshirt_kkol_103687.jpeg", "pro_rel": 8, "is_published": true, "created_at": "2021-02-16T12:47:03.058Z", "updated_at": "2021-02-16T12:47:03.058Z"}}, {"model": "product.productimg", "pk": 37, "fields": {"is_main": true, "image": "product_images/kadin_tshirt_kkol_103688.jpeg", "pro_rel": 8, "is_published": true, "created_at": "2021-02-16T12:47:03.065Z", "updated_at": "2021-02-16T12:47:03.065Z"}}, {"model": "product.productimg", "pk": 38, "fields": {"is_main": true, "image": "product_images/kadin_tshirt_kkol_103689.jpeg", "pro_rel": 8, "is_published": true, "created_at": "2021-02-16T12:47:03.070Z", "updated_at": "2021-02-16T12:47:03.070Z"}}, {"model": "product.productimg", "pk": 39, "fields": {"is_main": true, "image": "product_images/kadin_tshirt_kkol_103686.jpeg", "pro_rel": 8, "is_published": true, "created_at": "2021-02-16T12:47:03.076Z", "updated_at": "2021-02-16T12:47:03.076Z"}}, {"model": "product.productimg", "pk": 40, "fields": {"is_main": true, "image": "product_images/kadin_tshirt_kkol_103694.jpeg", "pro_rel": 9, "is_published": true, "created_at": "2021-02-16T12:58:01.051Z", "updated_at": "2021-02-16T12:58:01.051Z"}}, {"model": "product.productimg", "pk": 41, "fields": {"is_main": true, "image": "product_images/kadin_tshirt_kkol_103695.jpeg", "pro_rel": 9, "is_published": true, "created_at": "2021-02-16T12:58:01.067Z", "updated_at": "2021-02-16T12:58:01.067Z"}}, {"model": "product.productimg", "pk": 42, "fields": {"is_main": true, "image": "product_images/kadin_tshirt_kkol_103696.jpeg", "pro_rel": 9, "is_published": true, "created_at": "2021-02-16T12:58:01.074Z", "updated_at": "2021-02-16T12:58:01.074Z"}}, {"model": "product.productimg", "pk": 43, "fields": {"is_main": true, "image": "product_images/kadin_tshirt_kkol_103697.jpeg", "pro_rel": 9, "is_published": true, "created_at": "2021-02-16T12:58:01.078Z", "updated_at": "2021-02-16T12:58:01.078Z"}}, {"model": "contact.contact", "pk": 1, "fields": {"subject": "inf", "name": "Koki Suleymanov", "email": "koki.suleymanov@gmail.com", "tel_number": "0559911710", "sub_subject": "konu", "message": "sasassa", "created_at": "2020-12-15T21:41:03.210Z", "updated_at": "2020-12-15T21:41:03.210Z"}}, {"model": "contact.contact", "pk": 2, "fields": {"subject": "konu", "name": "Nizami", "email": "nizami@gmail.com", "tel_number": "0559911710", "sub_subject": "alt konu", "message": "sasasasa", "created_at": "2020-12-20T15:24:13.803Z", "updated_at": "2020-12-20T15:24:13.803Z"}}, {"model": "contact.contact", "pk": 3, "fields": {"subject": "inf", "name": "Nizami Suleymanov", "email": "koki@mail.ru", "tel_number": "0559991770", "sub_subject": "alt konu", "message": "sasasasas", "created_at": "2020-12-24T11:36:13.232Z", "updated_at": "2020-12-24T11:36:13.232Z"}}, {"model": "contact.contact", "pk": 4, "fields": {"subject": "oner", "name": "Nizami Suleymanov", "email": "koki@mail.ru", "tel_number": "0559911710", "sub_subject": "alt konu", "message": "sasasa", "created_at": "2020-12-24T11:39:21.766Z", "updated_at": "2020-12-24T11:39:21.766Z"}}, {"model": "contact.contact", "pk": 5, "fields": {"subject": "konu", "name": "Nizami Suleymanov", "email": "koki.suleymanov@gmail.com", "tel_number": "0559911710", "sub_subject": "alt konu", "message": "sasasa", "created_at": "2020-12-24T16:12:53.248Z", "updated_at": "2020-12-24T16:12:53.248Z"}}, {"model": "contact.contact", "pk": 6, "fields": {"subject": "inf", "name": "sasa", "email": "koki.suleymanov@gmail.com", "tel_number": "2221212121", "sub_subject": "alt konu", "message": "sasas", "created_at": "2021-02-10T09:42:07.413Z", "updated_at": "2021-02-10T09:42:07.413Z"}}, {"model": "contact.contact", "pk": 7, "fields": {"subject": "konu", "name": "Nizami Suleymanov", "email": "koki.suleymanov@gmail.com", "tel_number": "212121212121212", "sub_subject": "alt konu", "message": "sasasasadwdawd", "created_at": "2021-02-16T13:30:44.771Z", "updated_at": "2021-02-16T13:30:44.771Z"}}, {"model": "contact.contact", "pk": 8, "fields": {"subject": "inf", "name": "Nizami Suleymanov", "email": "koki.suleymanov@gmail.com", "tel_number": "1122121", "sub_subject": "alt konu", "message": "212121212", "created_at": "2021-02-16T13:32:45.197Z", "updated_at": "2021-02-16T13:32:45.197Z"}}, {"model": "contact.contact", "pk": 9, "fields": {"subject": "shik", "name": "Koki Suleymanov", "email": "koki.suleymanov@gmail.com", "tel_number": "122", "sub_subject": "alt konu", "message": "sasasa", "created_at": "2021-02-16T13:35:38.238Z", "updated_at": "2021-02-16T13:35:38.238Z"}}, {"model": "meny.meny", "pk": 19, "fields": {}}, {"model": "meny.meny", "pk": 21, "fields": {}}, {"model": "meny.meny", "pk": 22, "fields": {}}, {"model": "meny.meny", "pk": 23, "fields": {}}, {"model": "meny.meny", "pk": 26, "fields": {}}, {"model": "meny.meny", "pk": 27, "fields": {}}, {"model": "meny.meny", "pk": 28, "fields": {}}, {"model": "meny.meny", "pk": 29, "fields": {}}, {"model": "meny.meny", "pk": 30, "fields": {}}, {"model": "meny.meny", "pk": 31, "fields": {}}, {"model": "meny.meny", "pk": 32, "fields": {}}, {"model": "meny.meny", "pk": 33, "fields": {}}, {"model": "meny.meny", "pk": 34, "fields": {}}, {"model": "meny.meny", "pk": 35, "fields": {}}, {"model": "meny.meny", "pk": 36, "fields": {}}, {"model": "meny.meny", "pk": 37, "fields": {}}, {"model": "meny.meny", "pk": 38, "fields": {}}, {"model": "meny.meny", "pk": 39, "fields": {}}, {"model": "meny.meny", "pk": 40, "fields": {}}, {"model": "meny.meny", "pk": 41, "fields": {}}, {"model": "meny.meny", "pk": 42, "fields": {}}, {"model": "meny.meny", "pk": 43, "fields": {}}, {"model": "meny.meny", "pk": 44, "fields": {}}, {"model": "meny.meny", "pk": 45, "fields": {}}, {"model": "meny.meny", "pk": 46, "fields": {}}, {"model": "meny.meny", "pk": 47, "fields": {}}, {"model": "meny.meny", "pk": 48, "fields": {}}, {"model": "meny.meny", "pk": 110, "fields": {}}, {"model": "index.salesfeatures", "pk": 6, "fields": {"image": "icon_images/cargo-icon_MYVZwvZ.png", "white_text": "125 TL ve Üzeri", "red_text": "Ücretsiz Kargo!", "is_published": true, "created_at": "2020-12-12T19:14:46.859Z", "updated_at": "2020-12-12T19:14:46.859Z"}}, {"model": "index.salesfeatures", "pk": 7, "fields": {"image": "icon_images/gift-icon.png", "white_text": "İlk siparişe özel", "red_text": "İlk siparişe özel", "is_published": true, "created_at": "2020-12-12T19:15:17.064Z", "updated_at": "2020-12-12T19:15:17.064Z"}}, {"model": "index.salesfeatures", "pk": 8, "fields": {"image": "icon_images/delivery-cash-icon.png", "white_text": "Kapıda", "red_text": "Ödeme", "is_published": true, "created_at": "2020-12-12T19:16:07.657Z", "updated_at": "2020-12-12T19:16:07.657Z"}}, {"model": "index.salesfeatures", "pk": 9, "fields": {"image": "icon_images/calendar-icon.png", "white_text": "60 gün içinde", "red_text": "İade ve Değişim", "is_published": true, "created_at": "2020-12-12T19:16:38.052Z", "updated_at": "2020-12-12T19:16:38.052Z"}}, {"model": "index.salesfeatures", "pk": 10, "fields": {"image": "icon_images/discount-icon.png", "white_text": "Özel", "red_text": "İndirimler", "is_published": true, "created_at": "2020-12-12T19:17:12.810Z", "updated_at": "2020-12-12T19:17:12.810Z"}}, {"model": "index.salesfeatures", "pk": 11, "fields": {"image": "icon_images/trust-icon.png", "white_text": "7/24", "red_text": "Güvenli Alışveriş", "is_published": true, "created_at": "2020-12-12T19:17:32.498Z", "updated_at": "2020-12-12T23:18:16.295Z"}}, {"model": "index.follow", "pk": 69, "fields": {"title": "https://www.instagram.com/p/CLTv5G3qeUl", "image": "https://instagram.fgyd4-3.fna.fbcdn.net/v/t51.2885-15/fr/e15/s1080x1080/149790313_254414363004978_3149140520814201128_n.jpg?_nc_ht=instagram.fgyd4-3.fna.fbcdn.net&_nc_cat=106&_nc_ohc=Yx0By8fTSM8AX-2_skL&tp=1&oh=b834c2c7c4f798b41169967932b62573&oe=605432F5&ig_cache_key=MjUwOTU2MDA0OTk0ODAyNjE0OQ%3D%3D.2", "is_published": true, "created_at": "2021-02-16T11:06:51.328Z", "updated_at": "2021-02-16T11:06:51.328Z"}}, {"model": "index.follow", "pk": 70, "fields": {"title": "https://www.instagram.com/p/CLQ3FsMK1Nr", "image": "https://instagram.fgyd4-2.fna.fbcdn.net/v/t51.2885-15/fr/e15/s1080x1080/149338080_2757245157829907_1892623880062794685_n.jpg?_nc_ht=instagram.fgyd4-2.fna.fbcdn.net&_nc_cat=111&_nc_ohc=y9Vai0oEWOUAX_s_PHN&tp=1&oh=ab80891f661441451b6c2f3547af9cf8&oe=60550C05&ig_cache_key=MjUwODc0NzI3NjA0OTY2NjkyMw%3D%3D.2", "is_published": true, "created_at": "2021-02-16T11:06:51.338Z", "updated_at": "2021-02-16T11:06:51.338Z"}}, {"model": "index.follow", "pk": 71, "fields": {"title": "https://www.instagram.com/p/CLMDFcrKkyi", "image": "https://instagram.fgyd4-4.fna.fbcdn.net/v/t51.2885-15/fr/e15/s1080x1080/148700188_144271660860884_130016436346521536_n.jpg?_nc_ht=instagram.fgyd4-4.fna.fbcdn.net&_nc_cat=108&_nc_ohc=Ce7_mj0SC20AX8hiB9U&tp=1&oh=e61b35265b0aa47087ddbae8ba21f236&oe=6055F7F9&ig_cache_key=MjUwNzM5MjY2MTA2NDQwNDEzMA%3D%3D.2", "is_published": true, "created_at": "2021-02-16T11:06:51.343Z", "updated_at": "2021-02-16T11:06:51.343Z"}}, {"model": "index.follow", "pk": 72, "fields": {"title": "https://www.instagram.com/p/CLGrztZqgp0", "image": "https://instagram.fgyd4-3.fna.fbcdn.net/v/t51.2885-15/fr/e15/s1080x1080/147548553_3945699782117681_1606251562745020241_n.jpg?_nc_ht=instagram.fgyd4-3.fna.fbcdn.net&_nc_cat=105&_nc_ohc=XXjXj1t3b8cAX_ItW54&tp=1&oh=12b3636e13a99d41bb7871fb4570fa44&oe=6055AB27&ig_cache_key=MjUwNTg4MjkxMjEyMDUwNjk5Ng%3D%3D.2", "is_published": true, "created_at": "2021-02-16T11:06:51.348Z", "updated_at": "2021-02-16T11:06:51.348Z"}}, {"model": "index.follow", "pk": 73, "fields": {"title": "https://www.instagram.com/p/CLBh4VBqQoV", "image": "https://instagram.fgyd4-3.fna.fbcdn.net/v/t51.2885-15/fr/e15/s1080x1080/146824588_208892077585217_1131204019198554366_n.jpg?_nc_ht=instagram.fgyd4-3.fna.fbcdn.net&_nc_cat=105&_nc_ohc=EjepoOA4ZtsAX9oURTK&tp=1&oh=73e3438c7af61b5a40e108c7cfdbae31&oe=6054C7FA&ig_cache_key=MjUwNDQzMTg3NDE5NjcwMzc2NQ%3D%3D.2", "is_published": true, "created_at": "2021-02-16T11:06:51.354Z", "updated_at": "2021-02-16T11:06:51.354Z"}}, {"model": "index.follow", "pk": 74, "fields": {"title": "https://www.instagram.com/p/CK53F5Qq1oZ", "image": "https://instagram.fgyd4-3.fna.fbcdn.net/v/t51.2885-15/fr/e15/s1080x1080/146554868_421204605804216_156877104617332799_n.jpg?_nc_ht=instagram.fgyd4-3.fna.fbcdn.net&_nc_cat=100&_nc_ohc=UKLE9Mk6phcAX_vUmhM&tp=1&oh=653bd7cccb0db23b719b77a150c952e0&oe=6053359C&ig_cache_key=MjUwMjI3MzM2NTYxOTQ2NDcyOQ%3D%3D.2", "is_published": true, "created_at": "2021-02-16T11:06:51.359Z", "updated_at": "2021-02-16T11:06:51.359Z"}}, {"model": "index.follow", "pk": 75, "fields": {"title": "https://www.instagram.com/p/CK0pTzyKN1e", "image": "https://instagram.fgyd4-4.fna.fbcdn.net/v/t51.2885-15/fr/e15/s1080x1080/145716833_3043019079135141_2701215838361921103_n.jpg?_nc_ht=instagram.fgyd4-4.fna.fbcdn.net&_nc_cat=109&_nc_ohc=-gpIFqWSwBIAX9FGncu&tp=1&oh=d1d8b6b86ed3bd3df8d4abbe3cf0e919&oe=605387CE&ig_cache_key=MjUwMDgwNTM3NDI3Njg1MzA4Ng%3D%3D.2", "is_published": true, "created_at": "2021-02-16T11:06:51.370Z", "updated_at": "2021-02-16T11:06:51.370Z"}}, {"model": "index.follow", "pk": 76, "fields": {"title": "https://www.instagram.com/p/CKgDVqyqO7I", "image": "https://instagram.fgyd4-4.fna.fbcdn.net/v/t51.2885-15/fr/e15/s1080x1080/142700837_723311228327649_6707199119274649687_n.jpg?_nc_ht=instagram.fgyd4-4.fna.fbcdn.net&_nc_cat=109&_nc_ohc=FHEwIHLQO7UAX-17trq&tp=1&oh=1fc7dada9fa9df6a8e70946915909096&oe=60568D32&ig_cache_key=MjQ5NTAwODg3Njc1ODg4ODEzNg%3D%3D.2", "is_published": true, "created_at": "2021-02-16T11:06:51.384Z", "updated_at": "2021-02-16T11:06:51.384Z"}}, {"model": "index.follow", "pk": 77, "fields": {"title": "https://www.instagram.com/p/CKYe27rqeyC", "image": "https://instagram.fgyd4-3.fna.fbcdn.net/v/t51.2885-15/fr/e15/s1080x1080/140158299_745726639694214_2427358721668791906_n.jpg?_nc_ht=instagram.fgyd4-3.fna.fbcdn.net&_nc_cat=106&_nc_ohc=Z_cgCScmaHUAX-uR18B&tp=1&oh=1bb3f1f4eee480efa7943c76d6bdd93d&oe=60563A51&ig_cache_key=MjQ5Mjg3ODExMDA3OTk3MDQzNA%3D%3D.2", "is_published": true, "created_at": "2021-02-16T11:06:51.392Z", "updated_at": "2021-02-16T11:06:51.392Z"}}, {"model": "index.follow", "pk": 78, "fields": {"title": "https://www.instagram.com/p/CKQmrfiK4bx", "image": "https://instagram.fgyd4-4.fna.fbcdn.net/v/t51.2885-15/fr/e15/s1080x1080/140036379_733573607270948_160046108654675029_n.jpg?_nc_ht=instagram.fgyd4-4.fna.fbcdn.net&_nc_cat=108&_nc_ohc=Ah3mGh3d4GAAX8e79-5&tp=1&oh=8346100699fa52f447acb49ff8e91d96&oe=60540CFB&ig_cache_key=MjQ5MDY2MDcwODUwMDA4MDM2OQ%3D%3D.2", "is_published": true, "created_at": "2021-02-16T11:06:51.402Z", "updated_at": "2021-02-16T11:06:51.402Z"}}, {"model": "index.follow", "pk": 79, "fields": {"title": "https://www.instagram.com/p/CKGcU9YKlPl", "image": "https://instagram.fgyd4-3.fna.fbcdn.net/v/t51.2885-15/fr/e15/s1080x1080/138923532_223961745879233_3954165708352711420_n.jpg?_nc_ht=instagram.fgyd4-3.fna.fbcdn.net&_nc_cat=105&_nc_ohc=zgbYOH0gK_cAX8NuDSz&tp=1&oh=31f60896245cdb740bfd8ab101ffa9a3&oe=6054B560&ig_cache_key=MjQ4NzgwMDQyOTc2NDMwMTc5Nw%3D%3D.2", "is_published": true, "created_at": "2021-02-16T11:06:51.413Z", "updated_at": "2021-02-16T11:06:51.413Z"}}, {"model": "index.follow", "pk": 80, "fields": {"title": "https://www.instagram.com/p/CKBM5CqqEyh", "image": "https://instagram.fgyd4-4.fna.fbcdn.net/v/t51.2885-15/fr/e15/s1080x1080/139081265_867505887348499_8893354810326082398_n.jpg?_nc_ht=instagram.fgyd4-4.fna.fbcdn.net&_nc_cat=107&_nc_ohc=2Y-gWqlzHn0AX-PRrOx&tp=1&oh=f3c1f5602709a249f1fe87657c8ec690&oe=6055255D&ig_cache_key=MjQ4NjMyNTE2NTcxNjY4ODAzMw%3D%3D.2", "is_published": true, "created_at": "2021-02-16T11:06:51.418Z", "updated_at": "2021-02-16T11:06:51.418Z"}}, {"model": "index.company", "pk": 2, "fields": {"image": "discovery_images/136546_ZlvoyZh.jpeg", "sorgu": "pro", "is_published": true, "created_at": "2020-12-13T12:26:45.203Z", "updated_at": "2020-12-13T12:26:45.203Z"}}, {"model": "index.subscriber", "pk": 1, "fields": {"email": "koki@mail.com", "created_at": "2021-02-16T09:08:30.181Z", "updated_at": "2021-02-16T09:08:30.181Z"}}, {"model": "index.subscriber", "pk": 2, "fields": {"email": "koki@mail.ru", "created_at": "2021-02-16T09:17:39.820Z", "updated_at": "2021-02-16T09:17:39.820Z"}}, {"model": "index.subscriber", "pk": 3, "fields": {"email": "kokii@mail.ru", "created_at": "2021-02-16T09:47:16.561Z", "updated_at": "2021-02-16T09:47:16.561Z"}}, {"model": "index.subscriber", "pk": 4, "fields": {"email": "kokioi@mail.ru", "created_at": "2021-02-16T09:57:07.301Z", "updated_at": "2021-02-16T09:57:07.301Z"}}, {"model": "index.subscriber", "pk": 5, "fields": {"email": "kokwi@mail.ru", "created_at": "2021-02-16T10:04:54.797Z", "updated_at": "2021-02-16T10:04:54.797Z"}}, {"model": "index.subscriber", "pk": 6, "fields": {"email": "kokssi@mail.ru", "created_at": "2021-02-16T10:07:06.252Z", "updated_at": "2021-02-16T10:07:06.252Z"}}, {"model": "index.subscriber", "pk": 7, "fields": {"email": "kokssssi@mail.ru", "created_at": "2021-02-16T10:08:09.183Z", "updated_at": "2021-02-16T10:08:09.183Z"}}, {"model": "index.subscriber", "pk": 8, "fields": {"email": "koki.suleymanov@mail.ru", "created_at": "2021-02-16T13:05:51.604Z", "updated_at": "2021-02-16T13:05:51.604Z"}}, {"model": "blog.category", "pk": 1, "fields": {"title": "STİL", "is_published": true, "created_at": "2020-12-17T12:50:44.728Z", "updated_at": "2020-12-17T12:50:44.728Z"}}, {"model": "blog.category", "pk": 2, "fields": {"title": "SOKAK", "is_published": true, "created_at": "2020-12-17T12:50:52.264Z", "updated_at": "2020-12-17T12:50:52.264Z"}}, {"model": "blog.category", "pk": 3, "fields": {"title": "MÜZİK", "is_published": true, "created_at": "2020-12-17T12:50:59.250Z", "updated_at": "2020-12-17T12:50:59.250Z"}}, {"model": "blog.category", "pk": 4, "fields": {"title": "JEAN", "is_published": true, "created_at": "2020-12-17T12:51:07.007Z", "updated_at": "2020-12-17T12:51:07.007Z"}}, {"model": "blog.slayder", "pk": 2, "fields": {"image": "slayder_images/99-1_a5sDt7C.jpg", "is_published": true, "created_at": "2020-12-17T12:54:48.346Z", "updated_at": "2020-12-17T12:54:48.346Z"}}, {"model": "blog.slayder", "pk": 3, "fields": {"image": "slayder_images/98.jpg", "is_published": true, "created_at": "2020-12-17T12:54:57.244Z", "updated_at": "2020-12-17T12:54:57.244Z"}}, {"model": "blog.slayder", "pk": 4, "fields": {"image": "slayder_images/os-gemeosun-devler-isimli-grafiti-calismalari-.jpg", "is_published": true, "created_at": "2020-12-17T12:55:06.631Z", "updated_at": "2020-12-17T12:55:06.631Z"}}, {"model": "blog.slayder", "pk": 5, "fields": {"image": "slayder_images/40099879_1022034707998718_1232822954467786752_n.jpg", "is_published": true, "created_at": "2020-12-17T12:55:16.958Z", "updated_at": "2020-12-17T12:55:16.958Z"}}, {"model": "blog.slayder", "pk": 6, "fields": {"image": "slayder_images/Interrail-Interbus.jpg", "is_published": true, "created_at": "2020-12-17T12:55:28.139Z", "updated_at": "2020-12-17T12:55:28.139Z"}}, {"model": "blog.blog", "pk": 1, "fields": {"title": "Sosyal İzolasyon Boyunca İzlemeniz Gereken 5 Netflix Dizisi", "image": "blog_images/900x600-1_V5faF2R.jpg", "discription": "Koronavirüs nedeniyle bir süredir evlerimizden çıkmıyoruz, haliyle evden çıkamadığımız için de sıkılıyoruz. Biliyoruz sizler de bizim gibi çok sıkılıyorsunuz 🙂 Netflix bu zor zamanlarımızın kurtarıcısı, adeta bir süper kahraman. Aşağıda sıraladığımız 5 dizi ise bizim favorilerimiz, iyi seyirleeeer!", "face_link": "https://www.facebook.com/sharer/sharer.php?u=https%3A%2F%2Fblog.colins.com.tr%2F2020%2F04%2F06%2Fsosyal-izolasyon-boyunca-izlemeniz-gereken-5-netflix-dizisi%2F", "pint_link": "https://www.pinterest.com/pin-builder/?url=https%253A%252F%252Fblog.colins.com.tr%252F2020%252F04%252F06%252Fsosyal-izolasyon-boyunca-izlemeniz-gereken-5-netflix-dizisi%252F&description=Sosyal%20%C4%B0zolasyon%20Boyunca%20%C4%B0zlemeniz%20Gereken%205%20Ne", "category": 1, "created_at": "2020-12-17T17:28:49.448Z", "updated_at": "2020-12-17T17:28:49.534Z"}}, {"model": "blog.blog", "pk": 2, "fields": {"title": "Bu yıl kazaklarda öne çıkan trendler neler?", "image": "blog_images/900x600-1_ZjxoF8Z.jpg", "discription": "Mümkün olduğunca az ve öz giyinmeye çalıştığımız yaz mevsiminin aksine, soğuk ve yağışlı havanın hüküm sürdüğü kış mevsimi modaseverlere çok daha yaratıcı ve iddialı davranma imkanı tanıyor.\r\n\r\nTahmin edeceğin üzere kış modasının en vazgeçilmez unsurlarının başında günlük sokak stilinin demirbaşı kazak modelleri geliyor. Peki bu sezon nasıl kazaklar giyeceğiz dersin? Cevabı merak ediyorsan kazak alışverişi yapmadan önce bu içeriğimizi mutlaka okumalısın.", "face_link": "https://www.facebook.com/sharer/sharer.php?u=https://blog.colins.com.tr/2020/01/08/bu-yil-kazaklarda-one-cikan-trendler-neler/", "pint_link": "https://www.pinterest.com/pin-builder/?url=https%253A%252F%252Fblog.colins.com.tr%252F2020%252F01%252F08%252Fbu-yil-kazaklarda-one-cikan-trendler-neler%252F&description=Bu%20y%C4%B1l%20kazaklarda%20%C3%B6ne%20%C3%A7%C4%B1kan%20trendler%20neler%253F&media=", "category": 1, "created_at": "2020-12-17T17:28:49.448Z", "updated_at": "2020-12-17T17:28:49.534Z"}}, {"model": "blog.blog", "pk": 3, "fields": {"title": "Aralık ayının İstanbul konserleri", "image": "blog_images/snow.jpg", "discription": "Yılın son ayı gelip çattı! Koca bir yıl nasıl geçti anlamadık ama çok güzel şarkılar dinledik, eğlenceli festivallere, haftayı kurtaran konserlere gittik. Şimdi tek yapmamız gereken, son noktayı keyifle koymak. Bakalım aralık ayında bizi hangi konserler bekliyor.", "face_link": "https://www.facebook.com/sharer/sharer.php?u=https://blog.colins.com.tr/2019/12/05/aralik-ayinin-istanbul-konserleri/", "pint_link": "https://www.pinterest.com/pin-builder/?url=https%253A%252F%252Fblog.colins.com.tr%252F2019%252F12%252F05%252Faralik-ayinin-istanbul-konserleri%252F&description=Aral%C4%B1k%20ay%C4%B1n%C4%B1n%20%C4%B0stanbul%20konserleri&media=https%253A%252F%252Fblog.coli", "category": 3, "created_at": "2020-12-17T17:35:28.459Z", "updated_at": "2020-12-17T17:35:28.459Z"}}, {"model": "django_celery_beat.intervalschedule", "pk": 1, "fields": {"every": 1, "period": "seconds"}}, {"model": "django_celery_beat.intervalschedule", "pk": 2, "fields": {"every": 1, "period": "days"}}, {"model": "django_celery_beat.crontabschedule", "pk": 1, "fields": {"minute": "0", "hour": "4", "day_of_week": "*", "day_of_month": "*", "month_of_year": "*", "timezone": "Asia/Baku"}}, {"model": "django_celery_beat.periodictasks", "pk": 1, "fields": {"last_update": "2021-02-16T14:21:49.377Z"}}, {"model": "django_celery_beat.periodictask", "pk": 1, "fields": {"name": "celery.backend_cleanup", "task": "celery.backend_cleanup", "interval": null, "crontab": 1, "solar": null, "clocked": null, "args": "[]", "kwargs": "{}", "queue": null, "exchange": null, "routing_key": null, "headers": "{}", "priority": null, "expires": null, "expire_seconds": 43200, "one_off": false, "start_time": null, "enabled": true, "last_run_at": null, "total_run_count": 0, "date_changed": "2021-02-16T11:06:46.056Z", "description": ""}}, {"model": "django_celery_beat.periodictask", "pk": 2, "fields": {"name": "instagram", "task": "index.tasks.instagram", "interval": 2, "crontab": null, "solar": null, "clocked": null, "args": "[]", "kwargs": "{}", "queue": null, "exchange": null, "routing_key": null, "headers": "{}", "priority": null, "expires": null, "expire_seconds": null, "one_off": false, "start_time": null, "enabled": true, "last_run_at": "2021-02-16T11:06:51.420Z", "total_run_count": 19, "date_changed": "2021-02-16T14:21:49.393Z", "description": ""}}, {"model": "easy_thumbnails.source", "pk": 1, "fields": {"storage_hash": "f9bde26a1556cd667f742bd34ec7c55e", "name": "product_images/dar_kesim_fermuar_cep_detayli_suni_deri_siyah_erkek_mont_133364_j0tqDO2.jpeg", "modified": "2020-12-16T12:42:50.445Z"}}, {"model": "easy_thumbnails.source", "pk": 2, "fields": {"storage_hash": "f9bde26a1556cd667f742bd34ec7c55e", "name": "product_images/dar_kesim_fermuar_cep_detayli_suni_deri_siyah_erkek_mont_133365_svgiTw9.jpeg", "modified": "2020-12-16T12:42:50.788Z"}}, {"model": "easy_thumbnails.source", "pk": 3, "fields": {"storage_hash": "f9bde26a1556cd667f742bd34ec7c55e", "name": "product_images/erkek_mont_pu_120140_Alcswmt.jpeg", "modified": "2020-12-16T12:42:50.883Z"}}, {"model": "easy_thumbnails.source", "pk": 4, "fields": {"storage_hash": "f9bde26a1556cd667f742bd34ec7c55e", "name": "product_images/dar_kesim_fermuar_cep_detayli_suni_deri_siyah_erkek_mont_133366_sUsVmSV.jpeg", "modified": "2020-12-16T12:42:51.157Z"}}, {"model": "easy_thumbnails.source", "pk": 5, "fields": {"storage_hash": "f9bde26a1556cd667f742bd34ec7c55e", "name": "product_images/133364_0.jpeg", "modified": "2020-12-16T12:42:51.201Z"}}, {"model": "easy_thumbnails.source", "pk": 6, "fields": {"storage_hash": "f9bde26a1556cd667f742bd34ec7c55e", "name": "product_images/133365_0.jpeg", "modified": "2020-12-16T12:42:51.233Z"}}, {"model": "easy_thumbnails.source", "pk": 7, "fields": {"storage_hash": "f9bde26a1556cd667f742bd34ec7c55e", "name": "product_images/120140_0.jpeg", "modified": "2020-12-16T12:42:51.268Z"}}, {"model": "easy_thumbnails.source", "pk": 8, "fields": {"storage_hash": "f9bde26a1556cd667f742bd34ec7c55e", "name": "product_images/133366_0_Rygo8tZ.jpeg", "modified": "2020-12-16T12:42:51.300Z"}}, {"model": "easy_thumbnails.source", "pk": 9, "fields": {"storage_hash": "f9bde26a1556cd667f742bd34ec7c55e", "name": "product_images/kadin_elbise_129882.jpeg", "modified": "2020-12-16T12:48:11.300Z"}}, {"model": "easy_thumbnails.source", "pk": 10, "fields": {"storage_hash": "f9bde26a1556cd667f742bd34ec7c55e", "name": "product_images/kadin_elbise_129883.jpeg", "modified": "2020-12-16T12:48:11.421Z"}}, {"model": "easy_thumbnails.source", "pk": 11, "fields": {"storage_hash": "f9bde26a1556cd667f742bd34ec7c55e", "name": "product_images/kadin_elbise_129884.jpeg", "modified": "2020-12-16T12:48:11.529Z"}}, {"model": "easy_thumbnails.source", "pk": 12, "fields": {"storage_hash": "f9bde26a1556cd667f742bd34ec7c55e", "name": "product_images/kadin_elbise_129885.jpeg", "modified": "2020-12-16T12:48:11.640Z"}}, {"model": "easy_thumbnails.source", "pk": 13, "fields": {"storage_hash": "f9bde26a1556cd667f742bd34ec7c55e", "name": "product_images/erkek_polo_kkol_117520.jpeg", "modified": "2021-01-04T21:06:46.357Z"}}, {"model": "easy_thumbnails.source", "pk": 14, "fields": {"storage_hash": "f9bde26a1556cd667f742bd34ec7c55e", "name": "product_images/erkek_polo_kkol_117521.jpeg", "modified": "2021-01-04T21:06:46.702Z"}}, {"model": "easy_thumbnails.source", "pk": 15, "fields": {"storage_hash": "f9bde26a1556cd667f742bd34ec7c55e", "name": "product_images/erkek_polo_kkol_117522.jpeg", "modified": "2021-01-04T21:06:46.785Z"}}, {"model": "easy_thumbnails.source", "pk": 16, "fields": {"storage_hash": "f9bde26a1556cd667f742bd34ec7c55e", "name": "product_images/erkek_polo_kkol_117523.jpeg", "modified": "2021-01-04T21:06:46.860Z"}}, {"model": "easy_thumbnails.source", "pk": 17, "fields": {"storage_hash": "f9bde26a1556cd667f742bd34ec7c55e", "name": "product_images/760_diana_slim_fit_siyah_jean_pantolon_136759.jpeg", "modified": "2021-02-16T12:28:50.773Z"}}, {"model": "easy_thumbnails.source", "pk": 18, "fields": {"storage_hash": "f9bde26a1556cd667f742bd34ec7c55e", "name": "product_images/760_diana_slim_fit_siyah_jean_pantolon_136760.jpeg", "modified": "2021-02-16T12:28:51.145Z"}}, {"model": "easy_thumbnails.source", "pk": 19, "fields": {"storage_hash": "f9bde26a1556cd667f742bd34ec7c55e", "name": "product_images/760_diana_slim_fit_siyah_jean_pantolon_136761.jpeg", "modified": "2021-02-16T12:28:51.816Z"}}, {"model": "easy_thumbnails.source", "pk": 20, "fields": {"storage_hash": "f9bde26a1556cd667f742bd34ec7c55e", "name": "product_images/760_diana_slim_fit_siyah_jean_pantolon_136762.jpeg", "modified": "2021-02-16T12:28:52.551Z"}}, {"model": "easy_thumbnails.source", "pk": 21, "fields": {"storage_hash": "f9bde26a1556cd667f742bd34ec7c55e", "name": "product_images/_regular_fit_v_yaka_kadin_haki_kisa_kol_tisort_139933.jpeg", "modified": "2021-02-16T12:37:41.335Z"}}, {"model": "easy_thumbnails.source", "pk": 22, "fields": {"storage_hash": "f9bde26a1556cd667f742bd34ec7c55e", "name": "product_images/_regular_fit_v_yaka_kadin_haki_kisa_kol_tisort_139932.jpeg", "modified": "2021-02-16T12:37:41.491Z"}}, {"model": "easy_thumbnails.source", "pk": 23, "fields": {"storage_hash": "f9bde26a1556cd667f742bd34ec7c55e", "name": "product_images/_regular_fit_v_yaka_kadin_haki_kisa_kol_tisort_139931.jpeg", "modified": "2021-02-16T12:37:41.581Z"}}, {"model": "easy_thumbnails.source", "pk": 24, "fields": {"storage_hash": "f9bde26a1556cd667f742bd34ec7c55e", "name": "product_images/_regular_fit_v_yaka_kadin_haki_kisa_kol_tisort_139930.jpeg", "modified": "2021-02-16T12:37:41.678Z"}}, {"model": "easy_thumbnails.source", "pk": 25, "fields": {"storage_hash": "f9bde26a1556cd667f742bd34ec7c55e", "name": "product_images/kadin_tshirt_kkol_103694.jpeg", "modified": "2021-02-16T12:58:52.964Z"}}, {"model": "easy_thumbnails.source", "pk": 26, "fields": {"storage_hash": "f9bde26a1556cd667f742bd34ec7c55e", "name": "product_images/kadin_tshirt_kkol_103695.jpeg", "modified": "2021-02-16T12:58:53.095Z"}}, {"model": "easy_thumbnails.source", "pk": 27, "fields": {"storage_hash": "f9bde26a1556cd667f742bd34ec7c55e", "name": "product_images/kadin_tshirt_kkol_103696.jpeg", "modified": "2021-02-16T12:58:53.185Z"}}, {"model": "easy_thumbnails.source", "pk": 28, "fields": {"storage_hash": "f9bde26a1556cd667f742bd34ec7c55e", "name": "product_images/kadin_tshirt_kkol_103697.jpeg", "modified": "2021-02-16T12:58:53.267Z"}}, {"model": "easy_thumbnails.source", "pk": 29, "fields": {"storage_hash": "f9bde26a1556cd667f742bd34ec7c55e", "name": "product_images/kadin_tshirt_kkol_103687.jpeg", "modified": "2021-02-16T12:58:56.896Z"}}, {"model": "easy_thumbnails.source", "pk": 30, "fields": {"storage_hash": "f9bde26a1556cd667f742bd34ec7c55e", "name": "product_images/kadin_tshirt_kkol_103688.jpeg", "modified": "2021-02-16T12:58:57.056Z"}}, {"model": "easy_thumbnails.source", "pk": 31, "fields": {"storage_hash": "f9bde26a1556cd667f742bd34ec7c55e", "name": "product_images/kadin_tshirt_kkol_103689.jpeg", "modified": "2021-02-16T12:58:57.145Z"}}, {"model": "easy_thumbnails.source", "pk": 32, "fields": {"storage_hash": "f9bde26a1556cd667f742bd34ec7c55e", "name": "product_images/kadin_tshirt_kkol_103686.jpeg", "modified": "2021-02-16T12:58:57.239Z"}}, {"model": "easy_thumbnails.thumbnail", "pk": 1, "fields": {"storage_hash": "d26becbf46ac48eda79c7a39a13a02dd", "name": "product_images/dar_kesim_fermuar_cep_detayli_suni_deri_siyah_erkek_mont_133364_j0tqDO2.jpeg.90x120_q85_upscale.jpg", "modified": "2020-12-16T12:42:50.481Z", "source": 1}}, {"model": "easy_thumbnails.thumbnail", "pk": 2, "fields": {"storage_hash": "d26becbf46ac48eda79c7a39a13a02dd", "name": "product_images/dar_kesim_fermuar_cep_detayli_suni_deri_siyah_erkek_mont_133365_svgiTw9.jpeg.90x120_q85_upscale.jpg", "modified": "2020-12-16T12:42:50.800Z", "source": 2}}, {"model": "easy_thumbnails.thumbnail", "pk": 3, "fields": {"storage_hash": "d26becbf46ac48eda79c7a39a13a02dd", "name": "product_images/erkek_mont_pu_120140_Alcswmt.jpeg.90x120_q85_upscale.jpg", "modified": "2020-12-16T12:42:50.899Z", "source": 3}}, {"model": "easy_thumbnails.thumbnail", "pk": 4, "fields": {"storage_hash": "d26becbf46ac48eda79c7a39a13a02dd", "name": "product_images/dar_kesim_fermuar_cep_detayli_suni_deri_siyah_erkek_mont_133366_sUsVmSV.jpeg.90x120_q85_upscale.jpg", "modified": "2020-12-16T12:42:51.175Z", "source": 4}}, {"model": "easy_thumbnails.thumbnail", "pk": 5, "fields": {"storage_hash": "d26becbf46ac48eda79c7a39a13a02dd", "name": "product_images/133364_0.jpeg.90x120_q85_upscale.jpg", "modified": "2020-12-16T12:42:51.218Z", "source": 5}}, {"model": "easy_thumbnails.thumbnail", "pk": 6, "fields": {"storage_hash": "d26becbf46ac48eda79c7a39a13a02dd", "name": "product_images/133365_0.jpeg.90x120_q85_upscale.jpg", "modified": "2020-12-16T12:42:51.252Z", "source": 6}}, {"model": "easy_thumbnails.thumbnail", "pk": 7, "fields": {"storage_hash": "d26becbf46ac48eda79c7a39a13a02dd", "name": "product_images/120140_0.jpeg.90x120_q85_upscale.jpg", "modified": "2020-12-16T12:42:51.285Z", "source": 7}}, {"model": "easy_thumbnails.thumbnail", "pk": 8, "fields": {"storage_hash": "d26becbf46ac48eda79c7a39a13a02dd", "name": "product_images/133366_0_Rygo8tZ.jpeg.90x120_q85_upscale.jpg", "modified": "2020-12-16T12:42:51.317Z", "source": 8}}, {"model": "easy_thumbnails.thumbnail", "pk": 9, "fields": {"storage_hash": "d26becbf46ac48eda79c7a39a13a02dd", "name": "product_images/kadin_elbise_129882.jpeg.90x120_q85_upscale.jpg", "modified": "2020-12-16T12:48:11.326Z", "source": 9}}, {"model": "easy_thumbnails.thumbnail", "pk": 10, "fields": {"storage_hash": "d26becbf46ac48eda79c7a39a13a02dd", "name": "product_images/kadin_elbise_129883.jpeg.90x120_q85_upscale.jpg", "modified": "2020-12-16T12:48:11.447Z", "source": 10}}, {"model": "easy_thumbnails.thumbnail", "pk": 11, "fields": {"storage_hash": "d26becbf46ac48eda79c7a39a13a02dd", "name": "product_images/kadin_elbise_129884.jpeg.90x120_q85_upscale.jpg", "modified": "2020-12-16T12:48:11.546Z", "source": 11}}, {"model": "easy_thumbnails.thumbnail", "pk": 12, "fields": {"storage_hash": "d26becbf46ac48eda79c7a39a13a02dd", "name": "product_images/kadin_elbise_129885.jpeg.90x120_q85_upscale.jpg", "modified": "2020-12-16T12:48:11.667Z", "source": 12}}, {"model": "easy_thumbnails.thumbnail", "pk": 13, "fields": {"storage_hash": "d26becbf46ac48eda79c7a39a13a02dd", "name": "product_images/erkek_polo_kkol_117520.jpeg.90x120_q85_upscale.jpg", "modified": "2021-01-04T21:06:46.547Z", "source": 13}}, {"model": "easy_thumbnails.thumbnail", "pk": 14, "fields": {"storage_hash": "d26becbf46ac48eda79c7a39a13a02dd", "name": "product_images/erkek_polo_kkol_117521.jpeg.90x120_q85_upscale.jpg", "modified": "2021-01-04T21:06:46.712Z", "source": 14}}, {"model": "easy_thumbnails.thumbnail", "pk": 15, "fields": {"storage_hash": "d26becbf46ac48eda79c7a39a13a02dd", "name": "product_images/erkek_polo_kkol_117522.jpeg.90x120_q85_upscale.jpg", "modified": "2021-01-04T21:06:46.800Z", "source": 15}}, {"model": "easy_thumbnails.thumbnail", "pk": 16, "fields": {"storage_hash": "d26becbf46ac48eda79c7a39a13a02dd", "name": "product_images/erkek_polo_kkol_117523.jpeg.90x120_q85_upscale.jpg", "modified": "2021-01-04T21:06:46.877Z", "source": 16}}, {"model": "easy_thumbnails.thumbnail", "pk": 17, "fields": {"storage_hash": "d26becbf46ac48eda79c7a39a13a02dd", "name": "product_images/760_diana_slim_fit_siyah_jean_pantolon_136759.jpeg.90x120_q85_upscale.jpg", "modified": "2021-02-16T12:28:50.832Z", "source": 17}}, {"model": "easy_thumbnails.thumbnail", "pk": 18, "fields": {"storage_hash": "d26becbf46ac48eda79c7a39a13a02dd", "name": "product_images/760_diana_slim_fit_siyah_jean_pantolon_136760.jpeg.90x120_q85_upscale.jpg", "modified": "2021-02-16T12:28:51.211Z", "source": 18}}, {"model": "easy_thumbnails.thumbnail", "pk": 19, "fields": {"storage_hash": "d26becbf46ac48eda79c7a39a13a02dd", "name": "product_images/760_diana_slim_fit_siyah_jean_pantolon_136761.jpeg.90x120_q85_upscale.jpg", "modified": "2021-02-16T12:28:51.973Z", "source": 19}}, {"model": "easy_thumbnails.thumbnail", "pk": 20, "fields": {"storage_hash": "d26becbf46ac48eda79c7a39a13a02dd", "name": "product_images/760_diana_slim_fit_siyah_jean_pantolon_136762.jpeg.90x120_q85_upscale.jpg", "modified": "2021-02-16T12:28:52.581Z", "source": 20}}, {"model": "easy_thumbnails.thumbnail", "pk": 21, "fields": {"storage_hash": "d26becbf46ac48eda79c7a39a13a02dd", "name": "product_images/_regular_fit_v_yaka_kadin_haki_kisa_kol_tisort_139933.jpeg.90x120_q85_upscale.jpg", "modified": "2021-02-16T12:37:41.377Z", "source": 21}}, {"model": "easy_thumbnails.thumbnail", "pk": 22, "fields": {"storage_hash": "d26becbf46ac48eda79c7a39a13a02dd", "name": "product_images/_regular_fit_v_yaka_kadin_haki_kisa_kol_tisort_139932.jpeg.90x120_q85_upscale.jpg", "modified": "2021-02-16T12:37:41.507Z", "source": 22}}, {"model": "easy_thumbnails.thumbnail", "pk": 23, "fields": {"storage_hash": "d26becbf46ac48eda79c7a39a13a02dd", "name": "product_images/_regular_fit_v_yaka_kadin_haki_kisa_kol_tisort_139931.jpeg.90x120_q85_upscale.jpg", "modified": "2021-02-16T12:37:41.596Z", "source": 23}}, {"model": "easy_thumbnails.thumbnail", "pk": 24, "fields": {"storage_hash": "d26becbf46ac48eda79c7a39a13a02dd", "name": "product_images/_regular_fit_v_yaka_kadin_haki_kisa_kol_tisort_139930.jpeg.90x120_q85_upscale.jpg", "modified": "2021-02-16T12:37:41.693Z", "source": 24}}, {"model": "easy_thumbnails.thumbnail", "pk": 25, "fields": {"storage_hash": "d26becbf46ac48eda79c7a39a13a02dd", "name": "product_images/kadin_tshirt_kkol_103694.jpeg.90x120_q85_upscale.jpg", "modified": "2021-02-16T12:58:53.005Z", "source": 25}}, {"model": "easy_thumbnails.thumbnail", "pk": 26, "fields": {"storage_hash": "d26becbf46ac48eda79c7a39a13a02dd", "name": "product_images/kadin_tshirt_kkol_103695.jpeg.90x120_q85_upscale.jpg", "modified": "2021-02-16T12:58:53.112Z", "source": 26}}, {"model": "easy_thumbnails.thumbnail", "pk": 27, "fields": {"storage_hash": "d26becbf46ac48eda79c7a39a13a02dd", "name": "product_images/kadin_tshirt_kkol_103696.jpeg.90x120_q85_upscale.jpg", "modified": "2021-02-16T12:58:53.199Z", "source": 27}}, {"model": "easy_thumbnails.thumbnail", "pk": 28, "fields": {"storage_hash": "d26becbf46ac48eda79c7a39a13a02dd", "name": "product_images/kadin_tshirt_kkol_103697.jpeg.90x120_q85_upscale.jpg", "modified": "2021-02-16T12:58:53.280Z", "source": 28}}, {"model": "easy_thumbnails.thumbnail", "pk": 29, "fields": {"storage_hash": "d26becbf46ac48eda79c7a39a13a02dd", "name": "product_images/kadin_tshirt_kkol_103687.jpeg.90x120_q85_upscale.jpg", "modified": "2021-02-16T12:58:56.935Z", "source": 29}}, {"model": "easy_thumbnails.thumbnail", "pk": 30, "fields": {"storage_hash": "d26becbf46ac48eda79c7a39a13a02dd", "name": "product_images/kadin_tshirt_kkol_103688.jpeg.90x120_q85_upscale.jpg", "modified": "2021-02-16T12:58:57.071Z", "source": 30}}, {"model": "easy_thumbnails.thumbnail", "pk": 31, "fields": {"storage_hash": "d26becbf46ac48eda79c7a39a13a02dd", "name": "product_images/kadin_tshirt_kkol_103689.jpeg.90x120_q85_upscale.jpg", "modified": "2021-02-16T12:58:57.161Z", "source": 31}}, {"model": "easy_thumbnails.thumbnail", "pk": 32, "fields": {"storage_hash": "d26becbf46ac48eda79c7a39a13a02dd", "name": "product_images/kadin_tshirt_kkol_103686.jpeg.90x120_q85_upscale.jpg", "modified": "2021-02-16T12:58:57.257Z", "source": 32}}, {"model": "social_django.usersocialauth", "pk": 9, "fields": {"user": [""], "provider": "facebook", "uid": "2821495521427561", "extra_data": "{\"auth_time\": 1613480967, \"id\": \"2821495521427561\", \"expires\": 5180887, \"granted_scopes\": [\"user_friends\", \"email\", \"public_profile\"], \"denied_scopes\": null, \"access_token\": \"EAADZAUMhKlMoBAKITuRcuD91ztxPdZB0aZAiaHhmz1ObOFHJxjSgFkodo793S3iMqoDRC3hWcispBAAIprMMGYYWjTZCySu9qkbXAq17HsX0FnrojzjFfrk3vIi0i2ixfUCc1oyhYY0PMaoSGi1bbl0ILju06vlCnDFw2uaZC3CPOPrVJeLxmwtHKJHhjuJ0ZD\", \"token_type\": null}", "created": "2020-12-24T08:40:35.880Z", "modified": "2021-02-16T13:09:27.802Z"}}]